symbol,name,token
011NSETEST-EQ,011NSETEST,14747
021NSETEST-EQ,021NSETEST,14751
031NSETEST-EQ,031NSETEST,14753
041NSETEST-EQ,041NSETEST,14755
051NSETEST-EQ,051NSETEST,14758
061NSETEST-EQ,061NSETEST,14762
071NSETEST-EQ,071NSETEST,14764
081NSETEST-EQ,081NSETEST,14767
091NSETEST-EQ,091NSETEST,14769
101NSETEST-EQ,101NSETEST,14772
111NSETEST-EQ,111NSETEST,14774
11NSETEST-EQ,11NSETEST,12841
121NSETEST-EQ,121NSETEST,14777
131NSETEST-EQ,131NSETEST,14778
141NSETEST-EQ,141NSETEST,14781
151NSETEST-EQ,151NSETEST,14782
161NSETEST-EQ,161NSETEST,14784
171NSETEST-EQ,171NSETEST,23446
181NSETEST-EQ,181NSETEST,23447
20MICRONS-EQ,20MICRONS,16921
21STCENMGM-EQ,21STCENMGM,4
360ONE-EQ,360ONE,13061
3IINFOLTD-EQ,3IINFOLTD,6232
3MINDIA-EQ,3MINDIA,474
3PLAND-EQ,3PLAND,2595
5PAISA-EQ,5PAISA,445
63MOONS-EQ,63MOONS,11868
AAATECH-EQ,AAATECH,12533
AADHARHFC-EQ,AADHARHFC,23729
AARON-EQ,AARON,1030
AARTECH-EQ,AARTECH,17145
AARTIDRUGS-EQ,AARTIDRUGS,4481
AARTIIND-EQ,AARTIIND,7
AARTIPHARM-EQ,AARTIPHARM,13868
AARVI-EQ,AARVI,19073
AAVAS-EQ,AAVAS,5385
ABAN-EQ,ABAN,10
ABB-EQ,ABB,13
ABBOTINDIA-EQ,ABBOTINDIA,17903
ABCAPITAL-EQ,ABCAPITAL,21614
ABDL-EQ,ABDL,24308
ABFRL-EQ,ABFRL,30108
ABGSEC-EQ,ABGSEC,24404
ABLBL-EQ,ABLBL,756843
ABREL-EQ,ABREL,625
ABSLAMC-EQ,ABSLAMC,6018
ABSLBANETF-EQ,ABSLBANETF,13987
ABSLLIQUID-EQ,ABSLLIQUID,14518
ABSLNN50ET-EQ,ABSLNN50ET,7339
ABSLPSE-EQ,ABSLPSE,23806
ACC-EQ,ACC,22
ACCELYA-EQ,ACCELYA,7053
ACCURACY-EQ,ACCURACY,1465
ACE-EQ,ACE,13587
ACEINTEG-EQ,ACEINTEG,11779
ACI-EQ,ACI,12024
ACL-EQ,ACL,15420
ACLGATI-EQ,ACLGATI,13688
ACMESOLAR-EQ,ACMESOLAR,27061
ACUTAAS-EQ,ACUTAAS,5578
ADANIENSOL-EQ,ADANIENSOL,10217
ADANIENT-EQ,ADANIENT,25
ADANIGREEN-EQ,ADANIGREEN,3563
ADANIPORTS-EQ,ADANIPORTS,15083
ADANIPOWER-EQ,ADANIPOWER,17388
ADFFOODS-EQ,ADFFOODS,19761
ADOR-EQ,ADOR,34
ADROITINFO-EQ,ADROITINFO,4953
ADSL-EQ,ADSL,14813
ADVANIHOTR-EQ,ADVANIHOTR,14745
ADVENZYMES-EQ,ADVENZYMES,18039
AEGISLOG-EQ,AEGISLOG,40
AEGISVOPAK-EQ,AEGISVOPAK,757336
AEROENTER-EQ,AEROENTER,12015
AEROFLEX-EQ,AEROFLEX,18268
AETHER-EQ,AETHER,9810
AFCONS-EQ,AFCONS,25977
AFFLE-EQ,AFFLE,11343
AFFORDABLE-EQ,AFFORDABLE,25855
AFIL-EQ,AFIL,24159
AFSL-EQ,AFSL,13288
AGARIND-EQ,AGARIND,3389
AGARWALEYE-EQ,AGARWALEYE,29452
AGI-EQ,AGI,1412
AGIIL-EQ,AGIIL,24445
AGRITECH-EQ,AGRITECH,11072
AGROPHOS-EQ,AGROPHOS,9046
AHLADA-EQ,AHLADA,2004
AHLEAST-EQ,AHLEAST,19438
AHLUCONT-EQ,AHLUCONT,17833
AIAENG-EQ,AIAENG,13086
AIIL-EQ,AIIL,23553
AIRAN-EQ,AIRAN,9897
AIROLAM-EQ,AIROLAM,6068
AJANTPHARM-EQ,AJANTPHARM,8124
AJAXENGG-EQ,AJAXENGG,29624
AJMERA-EQ,AJMERA,17307
AJOONI-EQ,AJOONI,3403
AKASH-EQ,AKASH,13510
AKG-EQ,AKG,2176
AKSHARCHEM-EQ,AKSHARCHEM,20178
AKSHOPTFBR-EQ,AKSHOPTFBR,8591
AKUMS-EQ,AKUMS,24715
AKZOINDIA-EQ,AKZOINDIA,1467
ALANKIT-EQ,ALANKIT,9921
ALBERTDAVD-EQ,ALBERTDAVD,17256
ALEMBICLTD-EQ,ALEMBICLTD,79
ALICON-EQ,ALICON,13656
ALIVUS-EQ,ALIVUS,5265
ALKALI-EQ,ALKALI,16959
ALKEM-EQ,ALKEM,11703
ALKYLAMINE-EQ,ALKYLAMINE,4487
ALLCARGO-EQ,ALLCARGO,13501
ALLDIGI-EQ,ALLDIGI,11798
ALMONDZ-EQ,ALMONDZ,16719
ALOKINDS-EQ,ALOKINDS,17675
ALPA-EQ,ALPA,14848
ALPHA-EQ,ALPHA,7412
ALPHAETF-EQ,ALPHAETF,19640
ALPHAGEO-EQ,ALPHAGEO,14597
ALPL30IETF-EQ,ALPL30IETF,22344
AMBER-EQ,AMBER,1185
AMBICAAGAR-EQ,AMBICAAGAR,11496
AMBIKCO-EQ,AMBIKCO,15234
AMBUJACEM-EQ,AMBUJACEM,1270
AMDIND-EQ,AMDIND,14398
AMJLAND-EQ,AMJLAND,2598
AMNPLST-EQ,AMNPLST,19867
AMRUTANJAN-EQ,AMRUTANJAN,17547
ANANDRATHI-EQ,ANANDRATHI,7145
ANANTRAJ-EQ,ANANTRAJ,13620
ANDHRAPAP-EQ,ANDHRAPAP,166
ANDHRSUGAR-EQ,ANDHRSUGAR,136
ANGELONE-EQ,ANGELONE,324
ANIKINDS-EQ,ANIKINDS,16657
ANMOL-EQ,ANMOL,3727
ANTGRAPHIC-EQ,ANTGRAPHIC,5194
ANTHEM-EQ,ANTHEM,757885
ANUHPHR-EQ,ANUHPHR,28314
ANUP-EQ,ANUP,9014
ANURAS-EQ,ANURAS,2829
AONELIQUID-EQ,AONELIQUID,30472
AONENIFTY-EQ,AONENIFTY,757096
AONETOTAL-EQ,AONETOTAL,29975
APARINDS-EQ,APARINDS,11491
APCOTEXIND-EQ,APCOTEXIND,154
APEX-EQ,APEX,21623
APLAPOLLO-EQ,APLAPOLLO,25780
APLLTD-EQ,APLLTD,25328
APOLLO-EQ,APOLLO,1134
APOLLOHOSP-EQ,APOLLOHOSP,157
APOLLOPIPE-EQ,APOLLOPIPE,14361
APOLLOTYRE-EQ,APOLLOTYRE,163
APOLSINHOT-EQ,APOLSINHOT,6302
APTUS-EQ,APTUS,5435
ARCHIDPLY-EQ,ARCHIDPLY,16795
ARE&M-EQ,ARE&M,100
ARIES-EQ,ARIES,15204
ARIHANTCAP-EQ,ARIHANTCAP,3813
ARIHANTSUP-EQ,ARIHANTSUP,20159
ARISINFRA-EQ,ARISINFRA,757614
ARKADE-EQ,ARKADE,25398
ARMANFIN-EQ,ARMANFIN,17263
AROGRANITE-EQ,AROGRANITE,14557
ARTEMISMED-EQ,ARTEMISMED,16913
ARVEE-EQ,ARVEE,2814
ARVIND-EQ,ARVIND,193
ARVINDFASN-EQ,ARVINDFASN,9111
ARVSMART-EQ,ARVSMART,10457
ASAHIINDIA-EQ,ASAHIINDIA,5378
ASAL-EQ,ASAL,10634
ASALCBR-EQ,ASALCBR,17598
ASHAPURMIN-EQ,ASHAPURMIN,203
ASHIANA-EQ,ASHIANA,24403
ASHOKA-EQ,ASHOKA,20182
ASHOKAMET-EQ,ASHOKAMET,16943
ASHOKLEY-EQ,ASHOKLEY,212
ASIANENE-EQ,ASIANENE,7030
ASIANPAINT-EQ,ASIANPAINT,236
ASKAUTOLTD-EQ,ASKAUTOLTD,20152
ASMS-EQ,ASMS,14064
ASPINWALL-EQ,ASPINWALL,17270
ASTEC-EQ,ASTEC,17728
ASTERDM-EQ,ASTERDM,1508
ASTRAL-EQ,ASTRAL,14418
ASTRAMICRO-EQ,ASTRAMICRO,11618
ASTRAZEN-EQ,ASTRAZEN,5610
ASTRON-EQ,ASTRON,874
ATAM-EQ,ATAM,15404
ATGL-EQ,ATGL,6066
ATHERENERG-EQ,ATHERENERG,757645
ATL-EQ,ATL,17778
ATLANTAA-EQ,ATLANTAA,13585
ATUL-EQ,ATUL,263
ATULAUTO-EQ,ATULAUTO,30023
AUBANK-EQ,AUBANK,21238
AURIONPRO-EQ,AURIONPRO,12022
AUROPHARMA-EQ,AUROPHARMA,275
AURUM-EQ,AURUM,10310
AUTOAXLES-EQ,AUTOAXLES,278
AUTOBEES-EQ,AUTOBEES,7880
AUTOIETF-EQ,AUTOIETF,7844
AUTOIND-EQ,AUTOIND,14106
AVADHSUGAR-EQ,AVADHSUGAR,21406
AVALON-EQ,AVALON,15058
AVANTEL-EQ,AVANTEL,24610
AVANTIFEED-EQ,AVANTIFEED,7936
AVG-EQ,AVG,15589
AVL-EQ,AVL,25984
AVONMORE-EQ,AVONMORE,13557
AVROIND-EQ,AVROIND,8827
AVTNPL-EQ,AVTNPL,14008
AWFIS-EQ,AWFIS,23864
AWHCL-EQ,AWHCL,1797
AWL-EQ,AWL,8110
AXISBANK-EQ,AXISBANK,5900
AXISBNKETF-EQ,AXISBNKETF,1044
AXISBPSETF-EQ,AXISBPSETF,3530
AXISCETF-EQ,AXISCETF,5732
AXISGOLD-EQ,AXISGOLD,20532
AXISHCETF-EQ,AXISHCETF,3608
AXISILVER-EQ,AXISILVER,11193
AXISNIFTY-EQ,AXISNIFTY,21252
AXISTECETF-EQ,AXISTECETF,3010
AXISVALUE-EQ,AXISVALUE,30155
AXITA-EQ,AXITA,9902
AXSENSEX-EQ,AXSENSEX,14742
AYMSYNTEX-EQ,AYMSYNTEX,10285
AZAD-EQ,AZAD,20905
BAFNAPH-EQ,BAFNAPH,17742
BAGFILMS-EQ,BAGFILMS,11226
BAIDFIN-EQ,BAIDFIN,13794
BAJAJ-AUTO-EQ,BAJAJ-AUTO,16669
BAJAJCON-EQ,BAJAJCON,19531
BAJAJELEC-EQ,BAJAJELEC,15034
BAJAJFINSV-EQ,BAJAJFINSV,16675
BAJAJHCARE-EQ,BAJAJHCARE,6863
BAJAJHFL-EQ,BAJAJHFL,25270
BAJAJHIND-EQ,BAJAJHIND,308
BAJAJHLDNG-EQ,BAJAJHLDNG,305
BAJAJINDEF-EQ,BAJAJINDEF,29678
BAJFINANCE-EQ,BAJFINANCE,317
BALAJEE-EQ,BALAJEE,25203
BALAMINES-EQ,BALAMINES,14501
BALAXI-EQ,BALAXI,11309
BALKRISHNA-EQ,BALKRISHNA,10181
BALKRISIND-EQ,BALKRISIND,335
BALMLAWRIE-EQ,BALMLAWRIE,338
BALPHARMA-EQ,BALPHARMA,13441
BALRAMCHIN-EQ,BALRAMCHIN,341
BANARBEADS-EQ,BANARBEADS,347
BANARISUG-EQ,BANARISUG,350
BANCOINDIA-EQ,BANCOINDIA,13880
BANDHANBNK-EQ,BANDHANBNK,2263
BANG-EQ,BANG,15303
BANKA-EQ,BANKA,822
BANKBARODA-EQ,BANKBARODA,4668
BANKBEES-EQ,BANKBEES,11439
BANKBETF-EQ,BANKBETF,21986
BANKETF-EQ,BANKETF,17419
BANKETFADD-EQ,BANKETFADD,13644
BANKIETF-EQ,BANKIETF,11037
BANKINDIA-EQ,BANKINDIA,4745
BANKNIFTY1-EQ,BANKNIFTY1,5851
BANKPSU-EQ,BANKPSU,25725
BANSALWIRE-EQ,BANSALWIRE,24386
BANSWRAS-EQ,BANSWRAS,14511
BARBEQUE-EQ,BARBEQUE,3127
BASF-EQ,BASF,368
BASML-EQ,BASML,12034
BATAINDIA-EQ,BATAINDIA,371
BAYERCROP-EQ,BAYERCROP,17927
BBETF0432-EQ,BBETF0432,7196
BBL-EQ,BBL,13761
BBNPNBETF-EQ,BBNPNBETF,24117
BBNPPGOLD-EQ,BBNPPGOLD,20547
BBTC-EQ,BBTC,380
BBTCL-EQ,BBTCL,12153
BCG-EQ,BCG,8833
BCLIND-EQ,BCLIND,2513
BCONCEPTS-EQ,BCONCEPTS,7780
BDL-EQ,BDL,2144
BEARDSELL-EQ,BEARDSELL,17933
BECTORFOOD-EQ,BECTORFOOD,1628
BEDMUTHA-EQ,BEDMUTHA,20196
BEL-EQ,BEL,383
BELLACASA-EQ,BELLACASA,757938
BELRISE-EQ,BELRISE,757102
BEML-EQ,BEML,395
BEPL-EQ,BEPL,419
BERGEPAINT-EQ,BERGEPAINT,404
BESTAGRO-EQ,BESTAGRO,2306
BFINVEST-EQ,BFINVEST,21113
BFSI-EQ,BFSI,5220
BFUTILITIE-EQ,BFUTILITIE,14567
BHAGCHEM-EQ,BHAGCHEM,6164
BHAGERIA-EQ,BHAGERIA,13400
BHAGYANGR-EQ,BHAGYANGR,20776
BHANDARI-EQ,BHANDARI,19556
BHARATFORG-EQ,BHARATFORG,422
BHARATGEAR-EQ,BHARATGEAR,426
BHARATRAS-EQ,BHARATRAS,3834
BHARATWIRE-EQ,BHARATWIRE,16123
BHARTIARTL-EQ,BHARTIARTL,10604
BHARTIHEXA-EQ,BHARTIHEXA,23489
BHEL-EQ,BHEL,438
BIGBLOC-EQ,BIGBLOC,18431
BIKAJI-EQ,BIKAJI,11966
BIL-EQ,BIL,7848
BIOCON-EQ,BIOCON,11373
BIRLACORPN-EQ,BIRLACORPN,480
BIRLAMONEY-EQ,BIRLAMONEY,15239
BIRLANU-EQ,BIRLANU,1455
BLACKBUCK-EQ,BLACKBUCK,27144
BLAL-EQ,BLAL,15067
BLBLIMITED-EQ,BLBLIMITED,8132
BLISSGVS-EQ,BLISSGVS,19265
BLKASHYAP-EQ,BLKASHYAP,13290
BLS-EQ,BLS,17279
BLUEDART-EQ,BLUEDART,495
BLUEJET-EQ,BLUEJET,19686
BLUESTARCO-EQ,BLUESTARCO,8311
BLUSPRING-EQ,BLUSPRING,757520
BODALCHEM-EQ,BODALCHEM,25017
BOHRAIND-EQ,BOHRAIND,11640
BOMDYEING-EQ,BOMDYEING,513
BORANA-EQ,BORANA,757919
BOROLTD-EQ,BOROLTD,19401
BORORENEW-EQ,BORORENEW,3149
BOROSCI-EQ,BOROSCI,24014
BOSCHLTD-EQ,BOSCHLTD,2181
BPCL-EQ,BPCL,526
BPL-EQ,BPL,530
BRIGADE-EQ,BRIGADE,15184
BRITANNIA-EQ,BRITANNIA,547
BRNL-EQ,BRNL,21683
BSE-EQ,BSE,19585
BSE500IETF-EQ,BSE500IETF,3001
BSHSL-EQ,BSHSL,809
BSLGOLDETF-EQ,BSLGOLDETF,23804
BSLNIFTY-EQ,BSLNIFTY,24781
BSLSENETFG-EQ,BSLSENETFG,5957
BSOFT-EQ,BSOFT,6994
BTML-EQ,BTML,14150
BUTTERFLY-EQ,BUTTERFLY,2716
BVCL-EQ,BVCL,15073
CAMPUS-EQ,CAMPUS,9362
CAMS-EQ,CAMS,342
CANBK-EQ,CANBK,10794
CANFINHOME-EQ,CANFINHOME,583
CANTABIL-EQ,CANTABIL,20160
CAPACITE-EQ,CAPACITE,21749
CAPITALSFB-EQ,CAPITALSFB,22675
CAPLIPOINT-EQ,CAPLIPOINT,3906
CARBORUNIV-EQ,CARBORUNIV,595
CARERATING-EQ,CARERATING,29113
CARRARO-EQ,CARRARO,28879
CARTRADE-EQ,CARTRADE,5407
CARYSIL-EQ,CARYSIL,1879
CASHIETF-EQ,CASHIETF,30139
CASTROLIND-EQ,CASTROLIND,1250
CCCL-EQ,CCCL,14992
CCHHL-EQ,CCHHL,6385
CCL-EQ,CCL,11452
CDSL-EQ,CDSL,21174
CEATLTD-EQ,CEATLTD,15254
CEIGALL-EQ,CEIGALL,24742
CELEBRITY-EQ,CELEBRITY,13162
CELLO-EQ,CELLO,19795
CENTENKA-EQ,CENTENKA,619
CENTEXT-EQ,CENTEXT,11511
CENTRALBK-EQ,CENTRALBK,14894
CENTUM-EQ,CENTUM,14982
CENTURYPLY-EQ,CENTURYPLY,13305
CERA-EQ,CERA,15039
CESC-EQ,CESC,628
CEWATER-EQ,CEWATER,28764
CGCL-EQ,CGCL,20329
CGPOWER-EQ,CGPOWER,760
CHALET-EQ,CHALET,8546
CHAMBLFERT-EQ,CHAMBLFERT,637
CHEMCON-EQ,CHEMCON,270
CHEMFAB-EQ,CHEMFAB,2799
CHEMPLASTS-EQ,CHEMPLASTS,5449
CHENNPETRO-EQ,CHENNPETRO,2049
CHEVIOT-EQ,CHEVIOT,9879
CHOICEIN-EQ,CHOICEIN,8866
CHOLAFIN-EQ,CHOLAFIN,685
CHOLAHLDNG-EQ,CHOLAHLDNG,21740
CIEINDIA-EQ,CIEINDIA,14937
CIFL-EQ,CIFL,756015
CIGNITITEC-EQ,CIGNITITEC,5142
CINELINE-EQ,CINELINE,27161
CIPLA-EQ,CIPLA,694
CLEAN-EQ,CLEAN,5049
CLEDUCATE-EQ,CLEDUCATE,20223
CLSEL-EQ,CLSEL,3482
CMSINFO-EQ,CMSINFO,7603
COALINDIA-EQ,COALINDIA,20374
COASTCORP-EQ,COASTCORP,6006
COCHINSHIP-EQ,COCHINSHIP,21508
COFFEEDAY-EQ,COFFEEDAY,11165
COFORGE-EQ,COFORGE,11543
COHANCE-EQ,COHANCE,17945
COLPAL-EQ,COLPAL,15141
COMMOIETF-EQ,COMMOIETF,13198
COMPUSOFT-EQ,COMPUSOFT,31138
COMSYN-EQ,COMSYN,21578
CONCOR-EQ,CONCOR,4749
CONCORDBIO-EQ,CONCORDBIO,18060
CONFIPET-EQ,CONFIPET,10238
CONS-EQ,CONS,10512
CONSOFINVT-EQ,CONSOFINVT,11731
CONSUMBEES-EQ,CONSUMBEES,2435
CONSUMER-EQ,CONSUMER,28969
CONSUMIETF-EQ,CONSUMIETF,6446
CONTROLPR-EQ,CONTROLPR,17477
CORALFINAC-EQ,CORALFINAC,4007
CORDSCABLE-EQ,CORDSCABLE,15271
COROMANDEL-EQ,COROMANDEL,739
COSMOFIRST-EQ,COSMOFIRST,742
CPCAP-EQ,CPCAP,20086
CPSEETF-EQ,CPSEETF,2328
CRAFTSMAN-EQ,CRAFTSMAN,2854
CREATIVE-EQ,CREATIVE,11155
CREDITACC-EQ,CREDITACC,4421
CREST-EQ,CREST,13900
CRISIL-EQ,CRISIL,757
CRIZAC-EQ,CRIZAC,757850
CROMPTON-EQ,CROMPTON,17094
CROWN-EQ,CROWN,8083
CSBBANK-EQ,CSBBANK,14966
CSLFINANCE-EQ,CSLFINANCE,10350
CUB-EQ,CUB,5701
CUMMINSIND-EQ,CUMMINSIND,1901
CUPID-EQ,CUPID,18520
CYBERMEDIA-EQ,CYBERMEDIA,11842
CYIENT-EQ,CYIENT,5748
CYIENTDLM-EQ,CYIENTDLM,17187
DABUR-EQ,DABUR,772
DALBHARAT-EQ,DALBHARAT,8075
DALMIASUG-EQ,DALMIASUG,781
DAMCAPITAL-EQ,DAMCAPITAL,28662
DAMODARIND-EQ,DAMODARIND,17541
DATAMATICS-EQ,DATAMATICS,11423
DATAPATTNS-EQ,DATAPATTNS,7358
DAVANGERE-EQ,DAVANGERE,21794
DBCORP-EQ,DBCORP,17881
DBEIL-EQ,DBEIL,25892
DBL-EQ,DBL,18086
DBOL-EQ,DBOL,10893
DBSTOCKBRO-EQ,DBSTOCKBRO,31107
DCBBANK-EQ,DCBBANK,13725
DCI-EQ,DCI,11566
DCM-EQ,DCM,805
DCMNVL-EQ,DCMNVL,11039
DCMSHRIRAM-EQ,DCMSHRIRAM,811
DCMSRIND-EQ,DCMSRIND,7325
DCW-EQ,DCW,817
DCXINDIA-EQ,DCXINDIA,11895
DDEVPLSTIK-EQ,DDEVPLSTIK,29098
DECCANCE-EQ,DECCANCE,14838
DEEDEV-EQ,DEEDEV,24154
DEEPAKFERT-EQ,DEEPAKFERT,827
DEEPAKNTR-EQ,DEEPAKNTR,19943
DEEPINDS-EQ,DEEPINDS,3292
DELHIVERY-EQ,DELHIVERY,9599
DELTACORP-EQ,DELTACORP,15044
DEN-EQ,DEN,17722
DENORA-EQ,DENORA,4279
DENTA-EQ,DENTA,29256
DEVIT-EQ,DEVIT,8146
DEVYANI-EQ,DEVYANI,5373
DHAMPURSUG-EQ,DHAMPURSUG,857
DHANBANK-EQ,DHANBANK,11359
DHANI-EQ,DHANI,15384
DHANUKA-EQ,DHANUKA,24409
DHUNINV-EQ,DHUNINV,22233
DIACABS-EQ,DIACABS,18543
DIAMINESQ-EQ,DIAMINESQ,18644
DIAMONDYD-EQ,DIAMONDYD,21840
DICIND-EQ,DICIND,703
DIFFNKG-EQ,DIFFNKG,25672
DIGIDRIVE-EQ,DIGIDRIVE,21247
DIGISPICE-EQ,DIGISPICE,16683
DIGITIDE-EQ,DIGITIDE,757515
DISHTV-EQ,DISHTV,14537
DIVGIITTS-EQ,DIVGIITTS,14479
DIVISLAB-EQ,DIVISLAB,10940
DIVOPPBEES-EQ,DIVOPPBEES,2636
DIXON-EQ,DIXON,21690
DJML-EQ,DJML,12749
DLF-EQ,DLF,14732
DLINKINDIA-EQ,DLINKINDIA,17851
DMART-EQ,DMART,19913
DMCC-EQ,DMCC,6973
DNAMEDIA-EQ,DNAMEDIA,641
DODLA-EQ,DODLA,4822
DOLATALGO-EQ,DOLATALGO,12124
DOLLAR-EQ,DOLLAR,20560
DOLPHIN-EQ,DOLPHIN,18139
DOMS-EQ,DOMS,20551
DONEAR-EQ,DONEAR,13839
DPABHUSHAN-EQ,DPABHUSHAN,936
DPSCLTD-EQ,DPSCLTD,15419
DPWIRES-EQ,DPWIRES,16900
DREDGECORP-EQ,DREDGECORP,11271
DRREDDY-EQ,DRREDDY,881
DSSL-EQ,DSSL,25690
DTIL-EQ,DTIL,6227
DUCON-EQ,DUCON,28952
DVL-EQ,DVL,15214
DWARKESH-EQ,DWARKESH,11667
DYCL-EQ,DYCL,10417
DYNAMATECH-EQ,DYNAMATECH,4525
DYNPRO-EQ,DYNPRO,21314
E2E-EQ,E2E,8937
EASEMYTRIP-EQ,EASEMYTRIP,2792
EBANKNIFTY-EQ,EBANKNIFTY,25258
EBBETF0430-EQ,EBBETF0430,16253
EBBETF0431-EQ,EBBETF0431,22239
EBBETF0433-EQ,EBBETF0433,13139
ECAPINSURE-EQ,ECAPINSURE,29019
ECLERX-EQ,ECLERX,15179
ECOSMOBLTY-EQ,ECOSMOBLTY,25060
EDELWEISS-EQ,EDELWEISS,15119
EGOLD-EQ,EGOLD,19933
EICHERMOT-EQ,EICHERMOT,910
EIDPARRY-EQ,EIDPARRY,916
EIEL-EQ,EIEL,27213
EIHAHOTELS-EQ,EIHAHOTELS,15399
EIHOTEL-EQ,EIHOTEL,919
EIMCOELECO-EQ,EIMCOELECO,4040
EKC-EQ,EKC,13091
ELDEHSG-EQ,ELDEHSG,8953
ELECON-EQ,ELECON,13643
ELECTCAST-EQ,ELECTCAST,928
ELECTHERM-EQ,ELECTHERM,4469
ELGIEQUIP-EQ,ELGIEQUIP,937
ELLEN-EQ,ELLEN,758563
EMAMILTD-EQ,EMAMILTD,13517
EMAMIPAP-EQ,EMAMIPAP,10074
EMBDL-EQ,EMBDL,14450
EMCURE-EQ,EMCURE,24398
EMIL-EQ,EMIL,11530
EMKAY-EQ,EMKAY,13421
EMMBI-EQ,EMMBI,18142
EMSLIMITED-EQ,EMSLIMITED,18593
EMUDHRA-EQ,EMUDHRA,9756
EMULTIMQ-EQ,EMULTIMQ,25996
ENDURANCE-EQ,ENDURANCE,18822
ENGINERSIN-EQ,ENGINERSIN,4907
ENIL-EQ,ENIL,13192
ENRIN-EQ,ENRIN,756871
ENTERO-EQ,ENTERO,22717
EPACK-EQ,EPACK,22463
EPIGRAL-EQ,EPIGRAL,5382
EPL-EQ,EPL,981
EQUAL200-EQ,EQUAL200,30121
EQUAL50-EQ,EQUAL50,757142
EQUAL50ADD-EQ,EQUAL50ADD,6606
EQUITASBNK-EQ,EQUITASBNK,913
ERIS-EQ,ERIS,21154
ESABINDIA-EQ,ESABINDIA,955
ESAFSFB-EQ,ESAFSFB,19878
ESCORTS-EQ,ESCORTS,958
ESG-EQ,ESG,1200
ESILVER-EQ,ESILVER,20257
ESSENTIA-EQ,ESSENTIA,30323
ESTER-EQ,ESTER,24265
ETERNAL-EQ,ETERNAL,5097
ETHOSLTD-EQ,ETHOSLTD,9750
EUREKAFORB-EQ,EUREKAFORB,25162
EUROTEXIND-EQ,EUROTEXIND,999
EVEREADY-EQ,EVEREADY,11782
EVIETF-EQ,EVIETF,755881
EVINDIA-EQ,EVINDIA,24461
EXCEL-EQ,EXCEL,17376
EXCELINDUS-EQ,EXCELINDUS,11471
EXICOM-EQ,EXICOM,22947
EXIDEIND-EQ,EXIDEIND,676
EXPLEOSOL-EQ,EXPLEOSOL,17486
FACT-EQ,FACT,1008
FAIRCHEMOR-EQ,FAIRCHEMOR,1614
FAZE3Q-EQ,FAZE3Q,12000
FCL-EQ,FCL,6198
FCSSOFT-EQ,FCSSOFT,11999
FDC-EQ,FDC,4898
FEDERALBNK-EQ,FEDERALBNK,1023
FEDFINA-EQ,FEDFINA,20322
FIBERWEB-EQ,FIBERWEB,8159
FIEMIND-EQ,FIEMIND,13710
FILATEX-EQ,FILATEX,24532
FILATFASH-EQ,FILATFASH,23647
FINCABLES-EQ,FINCABLES,1038
FINEORG-EQ,FINEORG,3744
FINIETF-EQ,FINIETF,12578
FINOPB-EQ,FINOPB,6579
FINPIPE-EQ,FINPIPE,1041
FIRSTCRY-EQ,FIRSTCRY,24814
FISCHER-EQ,FISCHER,757658
FIVESTAR-EQ,FIVESTAR,12032
FLAIR-EQ,FLAIR,20372
FLUOROCHEM-EQ,FLUOROCHEM,13750
FMCGIETF-EQ,FMCGIETF,5306
FMGOETZE-EQ,FMGOETZE,1190
FORCEMOT-EQ,FORCEMOT,11573
FORTIS-EQ,FORTIS,14592
FOSECOIND-EQ,FOSECOIND,1073
FSL-EQ,FSL,14304
FUSION-EQ,FUSION,11932
G1NSETEST-EQ,G1NSETEST,12842
GABRIEL-EQ,GABRIEL,1085
GAEL-EQ,GAEL,8828
GAIL-EQ,GAIL,4717
GALAPREC-EQ,GALAPREC,25134
GALAXYSURF-EQ,GALAXYSURF,1315
GALLANTT-EQ,GALLANTT,13337
GANDHAR-EQ,GANDHAR,20303
GANDHITUBE-EQ,GANDHITUBE,14116
GANECOS-EQ,GANECOS,6944
GANESHBE-EQ,GANESHBE,5614
GANESHHOUC-EQ,GANESHHOUC,14339
GANGAFORGE-EQ,GANGAFORGE,4957
GANGESSECU-EQ,GANGESSECU,21399
GARFIBRES-EQ,GARFIBRES,1100
GARUDA-EQ,GARUDA,25800
GATEWAY-EQ,GATEWAY,8510
GEECEE-EQ,GEECEE,13658
GEEKAYWIRE-EQ,GEEKAYWIRE,17922
GENESYS-EQ,GENESYS,10905
GENUSPAPER-EQ,GENUSPAPER,6600
GENUSPOWER-EQ,GENUSPOWER,11905
GEOJITFSL-EQ,GEOJITFSL,11896
GEPIL-EQ,GEPIL,7862
GESHIP-EQ,GESHIP,13776
GFLLIMITED-EQ,GFLLIMITED,1289
GHCL-EQ,GHCL,1127
GHCLTEXTIL-EQ,GHCLTEXTIL,16696
GICHSGFIN-EQ,GICHSGFIN,1139
GICRE-EQ,GICRE,277
GILLANDERS-EQ,GILLANDERS,17839
GILLETTE-EQ,GILLETTE,1576
GILT5YBEES-EQ,GILT5YBEES,3172
GIPCL-EQ,GIPCL,1145
GKWLIMITED-EQ,GKWLIMITED,17357
GLAND-EQ,GLAND,1186
GLAXO-EQ,GLAXO,1153
GLENMARK-EQ,GLENMARK,7406
GLOBALVECT-EQ,GLOBALVECT,13735
GLOBE-EQ,GLOBE,393
GLOBECIVIL-EQ,GLOBECIVIL,758572
GLOBUSSPR-EQ,GLOBUSSPR,17424
GLOSTERLTD-EQ,GLOSTERLTD,23590
GMBREW-EQ,GMBREW,1168
GMDCLTD-EQ,GMDCLTD,5204
GMMPFAUDLR-EQ,GMMPFAUDLR,1570
GMRAIRPORT-EQ,GMRAIRPORT,13528
GMRP&UI-EQ,GMRP&UI,8529
GNA-EQ,GNA,18571
GNFC-EQ,GNFC,1174
GOACARBON-EQ,GOACARBON,14687
GOCLCORP-EQ,GOCLCORP,3963
GOCOLORS-EQ,GOCOLORS,6964
GODFRYPHLP-EQ,GODFRYPHLP,1181
GODIGIT-EQ,GODIGIT,23799
GODREJAGRO-EQ,GODREJAGRO,144
GODREJCP-EQ,GODREJCP,10099
GODREJIND-EQ,GODREJIND,10925
GODREJPROP-EQ,GODREJPROP,17875
GOKEX-EQ,GOKEX,11778
GOKUL-EQ,GOKUL,16705
GOKULAGRO-EQ,GOKULAGRO,14480
GOLD1-EQ,GOLD1,14858
GOLD360-EQ,GOLD360,30105
GOLDBEES-EQ,GOLDBEES,14428
GOLDCASE-EQ,GOLDCASE,22901
GOLDETF-EQ,GOLDETF,14286
GOLDETFADD-EQ,GOLDETFADD,15356
GOLDIAM-EQ,GOLDIAM,11971
GOLDIETF-EQ,GOLDIETF,19679
GOLDSHARE-EQ,GOLDSHARE,14535
GOLDTECH-EQ,GOLDTECH,9874
GOODLUCK-EQ,GOODLUCK,6125
GOPAL-EQ,GOPAL,23066
GOYALALUM-EQ,GOYALALUM,11787
GPIL-EQ,GPIL,13409
GPPL-EQ,GPPL,19731
GPTHEALTH-EQ,GPTHEALTH,22846
GPTINFRA-EQ,GPTINFRA,17685
GRANULES-EQ,GRANULES,11872
GRAPHITE-EQ,GRAPHITE,592
GRASIM-EQ,GRASIM,1232
GRAVITA-EQ,GRAVITA,20534
GREAVESCOT-EQ,GREAVESCOT,1235
GREENLAM-EQ,GREENLAM,6848
GREENPANEL-EQ,GREENPANEL,13810
GREENPLY-EQ,GREENPLY,3987
GREENPOWER-EQ,GREENPOWER,20110
GRINDWELL-EQ,GRINDWELL,13560
GRINFRA-EQ,GRINFRA,5054
GRMOVER-EQ,GRMOVER,10871
GROWWDEFNC-EQ,GROWWDEFNC,25758
GROWWEV-EQ,GROWWEV,24798
GROWWGOLD-EQ,GROWWGOLD,25872
GROWWLIQID-EQ,GROWWLIQID,25447
GROWWLOVOL-EQ,GROWWLOVOL,758300
GROWWMOM50-EQ,GROWWMOM50,756086
GROWWN200-EQ,GROWWN200,29872
GROWWNET-EQ,GROWWNET,757814
GROWWRAIL-EQ,GROWWRAIL,29527
GROWWSLVR-EQ,GROWWSLVR,756827
GRPLTD-EQ,GRPLTD,6543
GRSE-EQ,GRSE,5475
GRWRHITECH-EQ,GRWRHITECH,7982
GSEC10ABSL-EQ,GSEC10ABSL,24847
GSEC10IETF-EQ,GSEC10IETF,13143
GSEC10YEAR-EQ,GSEC10YEAR,14938
GSEC5IETF-EQ,GSEC5IETF,8342
GSFC-EQ,GSFC,1247
GSLSU-EQ,GSLSU,14599
GSPL-EQ,GSPL,13197
GSS-EQ,GSS,15347
GTL-EQ,GTL,1162
GTLINFRA-EQ,GTLINFRA,13745
GTPL-EQ,GTPL,21195
GUFICBIO-EQ,GUFICBIO,11606
GUJALKALI-EQ,GUJALKALI,1267
GUJAPOLLO-EQ,GUJAPOLLO,14677
GUJGASLTD-EQ,GUJGASLTD,10599
GUJRAFFIA-EQ,GUJRAFFIA,4548
GUJTHEM-EQ,GUJTHEM,29731
GULFOILLUB-EQ,GULFOILLUB,4391
GULFPETRO-EQ,GULFPETRO,11581
GULPOLY-EQ,GULPOLY,6286
GVPTECH-EQ,GVPTECH,10865
GVT&D-EQ,GVT&D,16783
HAL-EQ,HAL,2303
HAPPSTMNDS-EQ,HAPPSTMNDS,48
HAPPYFORGE-EQ,HAPPYFORGE,20854
HARIOMPIPE-EQ,HARIOMPIPE,8968
HARRMALAYA-EQ,HARRMALAYA,1313
HARSHA-EQ,HARSHA,11162
HATHWAY-EQ,HATHWAY,18154
HATSUN-EQ,HATSUN,3892
HAVELLS-EQ,HAVELLS,9819
HBLENGINE-EQ,HBLENGINE,13966
HCG-EQ,HCG,15555
HCLTECH-EQ,HCLTECH,7229
HDBFS-EQ,HDBFS,757772
HDFCAMC-EQ,HDFCAMC,4244
HDFCBANK-EQ,HDFCBANK,1333
HDFCBSE500-EQ,HDFCBSE500,14230
HDFCGOLD-EQ,HDFCGOLD,19543
HDFCGROWTH-EQ,HDFCGROWTH,11241
HDFCLIFE-EQ,HDFCLIFE,467
HDFCLIQUID-EQ,HDFCLIQUID,18279
HDFCLOWVOL-EQ,HDFCLOWVOL,11547
HDFCMID150-EQ,HDFCMID150,14236
HDFCMOMENT-EQ,HDFCMOMENT,11538
HDFCNEXT50-EQ,HDFCNEXT50,10619
HDFCNIF100-EQ,HDFCNIF100,10633
HDFCNIFBAN-EQ,HDFCNIFBAN,22433
HDFCNIFIT-EQ,HDFCNIFIT,12101
HDFCNIFTY-EQ,HDFCNIFTY,11591
HDFCPSUBK-EQ,HDFCPSUBK,22595
HDFCPVTBAN-EQ,HDFCPVTBAN,12108
HDFCQUAL-EQ,HDFCQUAL,11255
HDFCSENSEX-EQ,HDFCSENSEX,11593
HDFCSILVER-EQ,HDFCSILVER,10876
HDFCSML250-EQ,HDFCSML250,14233
HDFCVALUE-EQ,HDFCVALUE,11260
HEADSUP-EQ,HEADSUP,19205
HEALTHADD-EQ,HEALTHADD,22592
HEALTHIETF-EQ,HEALTHIETF,3626
HEALTHY-EQ,HEALTHY,6297
HEG-EQ,HEG,1336
HEIDELBERG-EQ,HEIDELBERG,2316
HEMIPROP-EQ,HEMIPROP,701
HERANBA-EQ,HERANBA,2614
HERITGFOOD-EQ,HERITGFOOD,4598
HEROMOTOCO-EQ,HEROMOTOCO,1348
HESTERBIO-EQ,HESTERBIO,7048
HEUBACHIND-EQ,HEUBACHIND,715
HEXATRADEX-EQ,HEXATRADEX,27008
HEXT-EQ,HEXT,29666
HFCL-EQ,HFCL,21951
HGINFRA-EQ,HGINFRA,1672
HGS-EQ,HGS,14712
HIKAL-EQ,HIKAL,9668
HIMATSEIDE-EQ,HIMATSEIDE,1360
HINDALCO-EQ,HINDALCO,1363
HINDCOMPOS-EQ,HINDCOMPOS,1372
HINDCON-EQ,HINDCON,4920
HINDCOPPER-EQ,HINDCOPPER,17939
HINDOILEXP-EQ,HINDOILEXP,1403
HINDPETRO-EQ,HINDPETRO,1406
HINDUNILVR-EQ,HINDUNILVR,1394
HINDWAREAP-EQ,HINDWAREAP,15883
HINDZINC-EQ,HINDZINC,1424
HIRECT-EQ,HIRECT,13890
HISARMETAL-EQ,HISARMETAL,19322
HITECH-EQ,HITECH,2868
HITECHCORP-EQ,HITECHCORP,15161
HLEGLAS-EQ,HLEGLAS,2289
HLVLTD-EQ,HLVLTD,1448
HMAAGRO-EQ,HMAAGRO,17053
HMVL-EQ,HMVL,19211
HNDFDS-EQ,HNDFDS,12173
HNGSNGBEES-EQ,HNGSNGBEES,18284
HOMEFIRST-EQ,HOMEFIRST,2056
HONASA-EQ,HONASA,19813
HONAUT-EQ,HONAUT,3417
HONDAPOWER-EQ,HONDAPOWER,3138
HPAL-EQ,HPAL,7376
HPIL-EQ,HPIL,11796
HPL-EQ,HPL,18679
HSCL-EQ,HSCL,14334
HUBTOWN-EQ,HUBTOWN,14203
HUDCO-EQ,HUDCO,20825
HUHTAMAKI-EQ,HUHTAMAKI,2562
HYUNDAI-EQ,HYUNDAI,25844
ICEMAKE-EQ,ICEMAKE,489
ICICIB22-EQ,ICICIB22,522
ICICIBANK-EQ,ICICIBANK,4963
ICICIGI-EQ,ICICIGI,21770
ICICIPRULI-EQ,ICICIPRULI,18652
ICIL-EQ,ICIL,11987
ICRA-EQ,ICRA,14523
IDBI-EQ,IDBI,1476
IDEA-EQ,IDEA,14366
IDEAFORGE-EQ,IDEAFORGE,17140
IDFCFIRSTB-EQ,IDFCFIRSTB,11184
IDFNIFTYET-EQ,IDFNIFTYET,18783
IEX-EQ,IEX,220
IFBIND-EQ,IFBIND,1485
IFCI-EQ,IFCI,1491
IFGLEXPOR-EQ,IFGLEXPOR,436
IGARASHI-EQ,IGARASHI,634
IGCL-EQ,IGCL,757801
IGIL-EQ,IGIL,28378
IGL-EQ,IGL,11262
IGPL-EQ,IGPL,14086
IIFL-EQ,IIFL,11809
IIFLCAPS-EQ,IIFLCAPS,13072
IKIO-EQ,IKIO,16822
IKS-EQ,IKS,28125
IMAGICAA-EQ,IMAGICAA,7672
IMFA-EQ,IMFA,19235
IMPAL-EQ,IMPAL,12009
INDBANK-EQ,INDBANK,16933
INDGN-EQ,INDGN,23693
INDHOTEL-EQ,INDHOTEL,1512
INDIACEM-EQ,INDIACEM,1515
INDIAGLYCO-EQ,INDIAGLYCO,1521
INDIAMART-EQ,INDIAMART,10726
INDIANB-EQ,INDIANB,14309
INDIANCARD-EQ,INDIANCARD,4422
INDIANHUME-EQ,INDIANHUME,1530
INDIASHLTR-EQ,INDIASHLTR,20556
INDIGO-EQ,INDIGO,11195
INDIGOPNTS-EQ,INDIGOPNTS,2048
INDNIPPON-EQ,INDNIPPON,4747
INDOAMIN-EQ,INDOAMIN,9116
INDOBORAX-EQ,INDOBORAX,8614
INDOCO-EQ,INDOCO,11677
INDOFARM-EQ,INDOFARM,29025
INDOSTAR-EQ,INDOSTAR,3088
INDOTECH-EQ,INDOTECH,13275
INDOUS-EQ,INDOUS,25503
INDOWIND-EQ,INDOWIND,14952
INDRAMEDCO-EQ,INDRAMEDCO,4751
INDSWFTLTD-EQ,INDSWFTLTD,11602
INDTERRAIN-EQ,INDTERRAIN,21957
INDUSINDBK-EQ,INDUSINDBK,5258
INDUSTOWER-EQ,INDUSTOWER,29135
INFIBEAM-EQ,INFIBEAM,16249
INFOBEAN-EQ,INFOBEAN,11027
INFRABEES-EQ,INFRABEES,20072
INFRAIETF-EQ,INFRAIETF,10723
INFY-EQ,INFY,1594
INGERRAND-EQ,INGERRAND,1597
INNOVACAP-EQ,INNOVACAP,21062
INNOVANA-EQ,INNOVANA,27754
INOXINDIA-EQ,INOXINDIA,20607
INOXWIND-EQ,INOXWIND,7852
INSECTICID-EQ,INSECTICID,14657
INTELLECT-EQ,INTELLECT,5926
INTENTECH-EQ,INTENTECH,20071
INTERNET-EQ,INTERNET,758595
INTLCONV-EQ,INTLCONV,5606
INVENTURE-EQ,INVENTURE,24870
IOB-EQ,IOB,9348
IOC-EQ,IOC,1624
IOLCP-EQ,IOLCP,20413
IONEXCHANG-EQ,IONEXCHANG,1630
IPCALAB-EQ,IPCALAB,1633
IPL-EQ,IPL,4934
IRB-EQ,IRB,15313
IRCON-EQ,IRCON,4986
IRCTC-EQ,IRCTC,13611
IREDA-EQ,IREDA,20261
IRFC-EQ,IRFC,2029
IRMENERGY-EQ,IRMENERGY,19597
ISFT-EQ,ISFT,18479
ISGEC-EQ,ISGEC,3329
IT-EQ,IT,2627
ITBEES-EQ,ITBEES,19084
ITC-EQ,ITC,1660
ITCHOTELS-EQ,ITCHOTELS,29251
ITDC-EQ,ITDC,19299
ITDCEM-EQ,ITDCEM,5622
ITETF-EQ,ITETF,19633
ITETFADD-EQ,ITETFADD,17207
ITI-EQ,ITI,1675
ITIETF-EQ,ITIETF,22365
IVC-EQ,IVC,6711
IVP-EQ,IVP,1681
IVZINGOLD-EQ,IVZINGOLD,18292
IVZINNIFTY-EQ,IVZINNIFTY,24217
IXIGO-EQ,IXIGO,24067
IZMO-EQ,IZMO,14174
J&KBANK-EQ,J&KBANK,5633
JAGRAN-EQ,JAGRAN,13211
JAGSNPHARM-EQ,JAGSNPHARM,4410
JAIBALAJI-EQ,JAIBALAJI,11256
JAICORPLTD-EQ,JAICORPLTD,5143
JAIPURKURT-EQ,JAIPURKURT,5516
JAMNAAUTO-EQ,JAMNAAUTO,20778
JASH-EQ,JASH,13982
JAYAGROGN-EQ,JAYAGROGN,4041
JAYBARMARU-EQ,JAYBARMARU,1708
JAYNECOIND-EQ,JAYNECOIND,2331
JAYSREETEA-EQ,JAYSREETEA,1720
JBCHEPHARM-EQ,JBCHEPHARM,1726
JBMA-EQ,JBMA,11655
JCHAC-EQ,JCHAC,4491
JETFREIGHT-EQ,JETFREIGHT,7211
JGCHEM-EQ,JGCHEM,23056
JHS-EQ,JHS,13720
JINDALPOLY-EQ,JINDALPOLY,1756
JINDALSAW-EQ,JINDALSAW,3024
JINDALSTEL-EQ,JINDALSTEL,6733
JINDRILL-EQ,JINDRILL,13875
JINDWORLD-EQ,JINDWORLD,20642
JIOFIN-EQ,JIOFIN,18143
JISLDVREQS-EQ,JISLDVREQS,25684
JISLJALEQS-EQ,JISLJALEQS,10397
JITFINFRA-EQ,JITFINFRA,19691
JKCEMENT-EQ,JKCEMENT,13270
JKIL-EQ,JKIL,15266
JKLAKSHMI-EQ,JKLAKSHMI,13491
JKPAPER-EQ,JKPAPER,11860
JKTYRE-EQ,JKTYRE,14435
JLHL-EQ,JLHL,18553
JMA-EQ,JMA,7109
JMFINANCIL-EQ,JMFINANCIL,13637
JNKINDIA-EQ,JNKINDIA,23621
JOCIL-EQ,JOCIL,16927
JPOLYINVST-EQ,JPOLYINVST,31507
JPPOWER-EQ,JPPOWER,11763
JSFB-EQ,JSFB,22663
JSL-EQ,JSL,11236
JSWENERGY-EQ,JSWENERGY,17869
JSWINFRA-EQ,JSWINFRA,19020
JSWSTEEL-EQ,JSWSTEEL,11723
JTEKTINDIA-EQ,JTEKTINDIA,3237
JTLIND-EQ,JTLIND,7287
JUBLCPL-EQ,JUBLCPL,29590
JUBLFOOD-EQ,JUBLFOOD,18096
JUBLINGREA-EQ,JUBLINGREA,2783
JUBLPHARMA-EQ,JUBLPHARMA,3637
JUNIORBEES-EQ,JUNIORBEES,10939
JUNIPER-EQ,JUNIPER,22824
JUSTDIAL-EQ,JUSTDIAL,29962
JWL-EQ,JWL,20224
JYOTHYLAB-EQ,JYOTHYLAB,15146
JYOTICNC-EQ,JYOTICNC,21334
JYOTISTRUC-EQ,JYOTISTRUC,1802
KABRAEXTRU-EQ,KABRAEXTRU,1805
KAJARIACER-EQ,KAJARIACER,1808
KAKATCEM-EQ,KAKATCEM,1811
KALAMANDIR-EQ,KALAMANDIR,18755
KALPATARU-EQ,KALPATARU,758558
KALYANIFRG-EQ,KALYANIFRG,15156
KALYANKJIL-EQ,KALYANKJIL,2955
KAMATHOTEL-EQ,KAMATHOTEL,1826
KAMDHENU-EQ,KAMDHENU,13457
KANANIIND-EQ,KANANIIND,25786
KANORICHEM-EQ,KANORICHEM,1835
KANSAINER-EQ,KANSAINER,1196
KAPSTON-EQ,KAPSTON,18967
KARURVYSYA-EQ,KARURVYSYA,1838
KAUSHALYA-EQ,KAUSHALYA,15136
KAYNES-EQ,KAYNES,12092
KCP-EQ,KCP,1841
KCPSUGIND-EQ,KCPSUGIND,4809
KDDL-EQ,KDDL,14908
KEC-EQ,KEC,13260
KECL-EQ,KECL,18220
KEI-EQ,KEI,13310
KELLTONTEC-EQ,KELLTONTEC,13430
KFINTECH-EQ,KFINTECH,13359
KHADIM-EQ,KHADIM,425
KHANDSE-EQ,KHANDSE,9641
KICL-EQ,KICL,21119
KIMS-EQ,KIMS,4847
KINGFA-EQ,KINGFA,18944
KIOCL-EQ,KIOCL,19126
KIRIINDUS-EQ,KIRIINDUS,16639
KIRLOSBROS-EQ,KIRLOSBROS,18581
KIRLOSENG-EQ,KIRLOSENG,20936
KIRLOSIND-EQ,KIRLOSIND,19025
KIRLPNU-EQ,KIRLPNU,15180
KKCL-EQ,KKCL,13381
KMEW-EQ,KMEW,27084
KMSUGAR-EQ,KMSUGAR,14667
KNRCON-EQ,KNRCON,15283
KOHINOOR-EQ,KOHINOOR,3009
KOKUYOCMLN-EQ,KOKUYOCMLN,16827
KOLTEPATIL-EQ,KOLTEPATIL,15124
KOPRAN-EQ,KOPRAN,1919
KOTAKBANK-EQ,KOTAKBANK,1922
KOTARISUG-EQ,KOTARISUG,11647
KOTHARIPET-EQ,KOTHARIPET,4594
KOTHARIPRO-EQ,KOTHARIPRO,5528
KPEL-EQ,KPEL,27079
KPIGREEN-EQ,KPIGREEN,5108
KPIL-EQ,KPIL,1814
KPITTECH-EQ,KPITTECH,9683
KPRMILL-EQ,KPRMILL,14912
KRBL-EQ,KRBL,10577
KRISHANA-EQ,KRISHANA,12847
KRITIKA-EQ,KRITIKA,9288
KRITINUT-EQ,KRITINUT,11432
KRN-EQ,KRN,25643
KRONOX-EQ,KRONOX,24025
KROSS-EQ,KROSS,25252
KRSNAA-EQ,KRSNAA,5359
KSB-EQ,KSB,1949
KSCL-EQ,KSCL,14972
KSHITIJPOL-EQ,KSHITIJPOL,10407
KSL-EQ,KSL,18889
KSOLVES-EQ,KSOLVES,11060
KTKBANK-EQ,KTKBANK,8054
KUANTUM-EQ,KUANTUM,13870
LAGNAM-EQ,LAGNAM,5865
LALPATHLAB-EQ,LALPATHLAB,11654
LAMBODHARA-EQ,LAMBODHARA,6407
LANCORHOL-EQ,LANCORHOL,23027
LANDMARK-EQ,LANDMARK,13276
LAOPALA-EQ,LAOPALA,14423
LATENTVIEW-EQ,LATENTVIEW,6818
LATTEYS-EQ,LATTEYS,15840
LAURUSLABS-EQ,LAURUSLABS,19234
LAXMICOT-EQ,LAXMICOT,6568
LAXMIDENTL-EQ,LAXMIDENTL,29171
LEMONTREE-EQ,LEMONTREE,2606
LFIC-EQ,LFIC,7902
LGBBROSLTD-EQ,LGBBROSLTD,18321
LGHL-EQ,LGHL,19876
LIBAS-EQ,LIBAS,11082
LICHSGFIN-EQ,LICHSGFIN,1997
LICI-EQ,LICI,9480
LICMFGOLD-EQ,LICMFGOLD,25640
LICNETFGSC-EQ,LICNETFGSC,6062
LICNETFN50-EQ,LICNETFN50,11319
LICNETFSEN-EQ,LICNETFSEN,11441
LICNFNHGP-EQ,LICNFNHGP,15229
LICNMID100-EQ,LICNMID100,22722
LIKHITHA-EQ,LIKHITHA,578
LINCOLN-EQ,LINCOLN,11596
LINDEINDIA-EQ,LINDEINDIA,1627
LIQUID-EQ,LIQUID,17572
LIQUID1-EQ,LIQUID1,13950
LIQUIDADD-EQ,LIQUIDADD,23407
LIQUIDBEES-EQ,LIQUIDBEES,11006
LIQUIDBETF-EQ,LIQUIDBETF,23915
LIQUIDCASE-EQ,LIQUIDCASE,21750
LIQUIDETF-EQ,LIQUIDETF,1927
LIQUIDIETF-EQ,LIQUIDIETF,4838
LIQUIDPLUS-EQ,LIQUIDPLUS,27075
LIQUIDSBI-EQ,LIQUIDSBI,19705
LIQUIDSHRI-EQ,LIQUIDSHRI,24374
LLOYDSENGG-EQ,LLOYDSENGG,17801
LLOYDSENT-EQ,LLOYDSENT,25807
LLOYDSME-EQ,LLOYDSME,17313
LMW-EQ,LMW,1979
LODHA-EQ,LODHA,3220
LOKESHMACH-EQ,LOKESHMACH,13436
LORDSCHLO-EQ,LORDSCHLO,18232
LOTUSEYE-EQ,LOTUSEYE,16807
LOVABLE-EQ,LOVABLE,22415
LOWVOL-EQ,LOWVOL,14786
LOWVOL1-EQ,LOWVOL1,8632
LOWVOLIETF-EQ,LOWVOLIETF,21254
LPDC-EQ,LPDC,16863
LT-EQ,LT,11483
LTF-EQ,LTF,24948
LTFOODS-EQ,LTFOODS,13816
LTGILTBEES-EQ,LTGILTBEES,17700
LTIM-EQ,LTIM,17818
LTTS-EQ,LTTS,18564
LUMAXIND-EQ,LUMAXIND,2018
LUMAXTECH-EQ,LUMAXTECH,14014
LUPIN-EQ,LUPIN,10440
LUXIND-EQ,LUXIND,11301
LXCHEM-EQ,LXCHEM,2841
LYKALABS-EQ,LYKALABS,2028
M&M-EQ,M&M,2031
M&MFIN-EQ,M&MFIN,13285
MADHAV-EQ,MADHAV,15151
MADRASFERT-EQ,MADRASFERT,4911
MAFANG-EQ,MAFANG,3507
MAGADSUGAR-EQ,MAGADSUGAR,21392
MAGNUM-EQ,MAGNUM,14957
MAHABANK-EQ,MAHABANK,11377
MAHAPEXLTD-EQ,MAHAPEXLTD,5239
MAHEPC-EQ,MAHEPC,17603
MAHESHWARI-EQ,MAHESHWARI,9576
MAHKTECH-EQ,MAHKTECH,7074
MAHLIFE-EQ,MAHLIFE,8050
MAHLOG-EQ,MAHLOG,385
MAHSCOOTER-EQ,MAHSCOOTER,2085
MAHSEAMLES-EQ,MAHSEAMLES,2088
MAITHANALL-EQ,MAITHANALL,24538
MAKEINDIA-EQ,MAKEINDIA,7979
MALLCOM-EQ,MALLCOM,7965
MALUPAPER-EQ,MALUPAPER,13352
MAMATA-EQ,MAMATA,28687
MANAKALUCO-EQ,MANAKALUCO,7420
MANAKCOAT-EQ,MANAKCOAT,7413
MANAKSIA-EQ,MANAKSIA,15199
MANALIPETC-EQ,MANALIPETC,13796
MANAPPURAM-EQ,MANAPPURAM,19061
MANBA-EQ,MANBA,25597
MANCREDIT-EQ,MANCREDIT,24823
MANGALAM-EQ,MANGALAM,11817
MANGCHEFER-EQ,MANGCHEFER,15007
MANGLMCEM-EQ,MANGLMCEM,2106
MANINDS-EQ,MANINDS,11884
MANINFRA-EQ,MANINFRA,18226
MANKIND-EQ,MANKIND,15380
MANOMAY-EQ,MANOMAY,13753
MANORAMA-EQ,MANORAMA,10227
MANYAVAR-EQ,MANYAVAR,8167
MAPMYINDIA-EQ,MAPMYINDIA,7227
MARALOVER-EQ,MARALOVER,2112
MARATHON-EQ,MARATHON,18659
MARICO-EQ,MARICO,4067
MARKSANS-EQ,MARKSANS,10579
MARUTI-EQ,MARUTI,10999
MASFIN-EQ,MASFIN,199
MASPTOP50-EQ,MASPTOP50,5782
MASTEK-EQ,MASTEK,2124
MASTERTR-EQ,MASTERTR,27047
MATRIMONY-EQ,MATRIMONY,21726
MAWANASUG-EQ,MAWANASUG,17022
MAXESTATES-EQ,MAXESTATES,19646
MAXHEALTH-EQ,MAXHEALTH,22377
MAXIND-EQ,MAXIND,22428
MAYURUNIQ-EQ,MAYURUNIQ,28906
MAZDA-EQ,MAZDA,18866
MAZDOCK-EQ,MAZDOCK,509
MBAPL-EQ,MBAPL,12686
MBLINFRA-EQ,MBLINFRA,18029
MCL-EQ,MCL,22360
MCLEODRUSS-EQ,MCLEODRUSS,11943
MCLOUD-EQ,MCLOUD,29482
MCX-EQ,MCX,31181
MEDANTA-EQ,MEDANTA,11956
MEDIASSIST-EQ,MEDIASSIST,21705
MEDICAMEQ-EQ,MEDICAMEQ,6278
MEDICO-EQ,MEDICO,9667
MEDPLUS-EQ,MEDPLUS,7254
MEGASTAR-EQ,MEGASTAR,8153
MENONBE-EQ,MENONBE,6961
METAL-EQ,METAL,25744
METALIETF-EQ,METALIETF,24861
METROBRAND-EQ,METROBRAND,7242
METROPOLIS-EQ,METROPOLIS,9581
MFSL-EQ,MFSL,2142
MGEL-EQ,MGEL,1593
MGL-EQ,MGL,17534
MHLXMIRU-EQ,MHLXMIRU,7886
MHRIL-EQ,MHRIL,17333
MICEL-EQ,MICEL,7169
MID150-EQ,MID150,30469
MID150BEES-EQ,MID150BEES,8506
MID150CASE-EQ,MID150CASE,24077
MIDCAP-EQ,MIDCAP,8077
MIDCAPETF-EQ,MIDCAPETF,8413
MIDCAPIETF-EQ,MIDCAPIETF,17152
MIDHANI-EQ,MIDHANI,2463
MIDQ50ADD-EQ,MIDQ50ADD,7456
MIDSELIETF-EQ,MIDSELIETF,17702
MIDSMALL-EQ,MIDSMALL,23855
MINDACORP-EQ,MINDACORP,25897
MIRCELECTR-EQ,MIRCELECTR,2202
MIRZAINT-EQ,MIRZAINT,4394
MITCON-EQ,MITCON,8469
MITTAL-EQ,MITTAL,18562
MMFL-EQ,MMFL,13844
MMP-EQ,MMP,16395
MMTC-EQ,MMTC,17957
MNC-EQ,MNC,10676
MOALPHA50-EQ,MOALPHA50,757669
MOBIKWIK-EQ,MOBIKWIK,28046
MOCAPITAL-EQ,MOCAPITAL,30065
MODEFENCE-EQ,MODEFENCE,24944
MODISONLTD-EQ,MODISONLTD,3316
MODTHREAD-EQ,MODTHREAD,2241
MOGSEC-EQ,MOGSEC,1507
MOHEALTH-EQ,MOHEALTH,10508
MOHITIND-EQ,MOHITIND,29423
MOIL-EQ,MOIL,20830
MOINFRA-EQ,MOINFRA,757031
MOKSH-EQ,MOKSH,3586
MOL-EQ,MOL,5394
MOLDTECH-EQ,MOLDTECH,17625
MOLDTKPAC-EQ,MOLDTKPAC,6713
MOLOWVOL-EQ,MOLOWVOL,8654
MOM100-EQ,MOM100,21423
MOM30IETF-EQ,MOM30IETF,10585
MOM50-EQ,MOM50,19289
MOMENTUM-EQ,MOMENTUM,10693
MOMENTUM50-EQ,MOMENTUM50,25606
MOMGF-EQ,MOMGF,757099
MOMIDMTM-EQ,MOMIDMTM,757817
MOMOMENTUM-EQ,MOMOMENTUM,8182
MON100-EQ,MON100,22739
MON50EQUAL-EQ,MON50EQUAL,756900
MONARCH-EQ,MONARCH,7679
MONEXT50-EQ,MONEXT50,757167
MONIFTY500-EQ,MONIFTY500,19237
MONQ50-EQ,MONQ50,7422
MONTECARLO-EQ,MONTECARLO,5938
MOPSE-EQ,MOPSE,757431
MOQUALITY-EQ,MOQUALITY,10822
MOREALTY-EQ,MOREALTY,23184
MOREPENLAB-EQ,MOREPENLAB,2259
MOSCHIP-EQ,MOSCHIP,29459
MOSMALL250-EQ,MOSMALL250,23181
MOTHERSON-EQ,MOTHERSON,4204
MOTILALOFS-EQ,MOTILALOFS,14947
MOTISONS-EQ,MOTISONS,20788
MOTOGENFIN-EQ,MOTOGENFIN,2268
MOTOUR-EQ,MOTOUR,757443
MOVALUE-EQ,MOVALUE,10825
MPHASIS-EQ,MPHASIS,4503
MPSLTD-EQ,MPSLTD,10578
MRF-EQ,MRF,2277
MRPL-EQ,MRPL,2283
MSCIINDIA-EQ,MSCIINDIA,29758
MSPL-EQ,MSPL,11919
MSTCLTD-EQ,MSTCLTD,9356
MSUMI-EQ,MSUMI,8596
MTARTECH-EQ,MTARTECH,2709
MTNL-EQ,MTNL,2294
MUFIN-EQ,MUFIN,19783
MUFTI-EQ,MUFTI,20878
MUKANDLTD-EQ,MUKANDLTD,11325
MUKKA-EQ,MUKKA,22980
MUKTAARTS-EQ,MUKTAARTS,8687
MULTICAP-EQ,MULTICAP,25080
MUNJALAU-EQ,MUNJALAU,13511
MUNJALSHOW-EQ,MUNJALSHOW,2307
MURUDCERA-EQ,MURUDCERA,2313
MUTHOOTCAP-EQ,MUTHOOTCAP,10415
MUTHOOTFIN-EQ,MUTHOOTFIN,23650
MUTHOOTMF-EQ,MUTHOOTMF,20831
MVGJL-EQ,MVGJL,19015
N1NSETEST-EQ,N1NSETEST,12848
NAGAFERT-EQ,NAGAFERT,17295
NAGREEKCAP-EQ,NAGREEKCAP,14942
NAGREEKEXP-EQ,NAGREEKEXP,14702
NAHARSPING-EQ,NAHARSPING,14440
NAM-INDIA-EQ,NAM-INDIA,357
NARMADA-EQ,NARMADA,11627
NATCAPSUQ-EQ,NATCAPSUQ,29583
NATCOPHARM-EQ,NATCOPHARM,3918
NATIONALUM-EQ,NATIONALUM,6364
NAUKRI-EQ,NAUKRI,13751
NAVA-EQ,NAVA,4014
NAVINFLUOR-EQ,NAVINFLUOR,14672
NAVKARCORP-EQ,NAVKARCORP,10557
NAVNETEDUL-EQ,NAVNETEDUL,2385
NAZARA-EQ,NAZARA,2987
NBCC-EQ,NBCC,31415
NBIFIN-EQ,NBIFIN,19111
NCC-EQ,NCC,2319
NCLIND-EQ,NCLIND,14490
NDGL-EQ,NDGL,18371
NDL-EQ,NDL,31258
NDLVENTURE-EQ,NDLVENTURE,14547
NDRAUTO-EQ,NDRAUTO,22255
NECCLTD-EQ,NECCLTD,13522
NELCAST-EQ,NELCAST,14761
NELCO-EQ,NELCO,2388
NEOGEN-EQ,NEOGEN,9917
NESCO-EQ,NESCO,15409
NESTLEIND-EQ,NESTLEIND,17963
NETF-EQ,NETF,7838
NETWEB-EQ,NETWEB,17433
NETWORK18-EQ,NETWORK18,14111
NEULANDLAB-EQ,NEULANDLAB,2406
NEWGEN-EQ,NEWGEN,1164
NEXT30ADD-EQ,NEXT30ADD,29464
NEXT50-EQ,NEXT50,17181
NEXT50IETF-EQ,NEXT50IETF,4529
NEXTMEDIA-EQ,NEXTMEDIA,9867
NFL-EQ,NFL,13925
NGIL-EQ,NGIL,5401
NGLFINE-EQ,NGLFINE,10277
NH-EQ,NH,11840
NHPC-EQ,NHPC,17400
NIACL-EQ,NIACL,399
NIBE-EQ,NIBE,29487
NIF100BEES-EQ,NIF100BEES,29577
NIF100IETF-EQ,NIF100IETF,30392
NIF10GETF-EQ,NIF10GETF,22524
NIF5GETF-EQ,NIF5GETF,22521
NIFITETF-EQ,NIFITETF,22488
NIFMID150-EQ,NIFMID150,18347
NIFTY1-EQ,NIFTY1,18102
NIFTY100EW-EQ,NIFTY100EW,29944
NIFTY50ADD-EQ,NIFTY50ADD,7451
NIFTYBEES-EQ,NIFTYBEES,10576
NIFTYBETF-EQ,NIFTYBETF,21959
NIFTYETF-EQ,NIFTYETF,6353
NIFTYIETF-EQ,NIFTYIETF,29553
NIFTYQLITY-EQ,NIFTYQLITY,10690
NIITLTD-EQ,NIITLTD,11522
NIITMTS-EQ,NIITMTS,17747
NILAINFRA-EQ,NILAINFRA,9253
NILASPACES-EQ,NILASPACES,7411
NILKAMAL-EQ,NILKAMAL,2421
NINSYS-EQ,NINSYS,14194
NIPPOBATRY-EQ,NIPPOBATRY,6782
NIRAJ-EQ,NIRAJ,255
NITCO-EQ,NITCO,13300
NITINSPIN-EQ,NITINSPIN,13175
NITIRAJ-EQ,NITIRAJ,3247
NIVABUPA-EQ,NIVABUPA,27097
NKIND-EQ,NKIND,2439
NLCINDIA-EQ,NLCINDIA,8585
NMDC-EQ,NMDC,15332
NOCIL-EQ,NOCIL,2442
NORTHARC-EQ,NORTHARC,25426
NOVAAGRI-EQ,NOVAAGRI,22477
NPBET-EQ,NPBET,12978
NPST-EQ,NPST,756324
NRBBEARING-EQ,NRBBEARING,7553
NSIL-EQ,NSIL,11239
NSLNISP-EQ,NSLNISP,14180
NTPC-EQ,NTPC,11630
NTPCGREEN-EQ,NTPCGREEN,27176
NUCLEUS-EQ,NUCLEUS,10791
NURECA-EQ,NURECA,2350
NUVAMA-EQ,NUVAMA,18721
NUVOCO-EQ,NUVOCO,5426
NV20-EQ,NV20,11457
NV20BEES-EQ,NV20BEES,9847
NV20IETF-EQ,NV20IETF,17475
NYKAA-EQ,NYKAA,6545
OAL-EQ,OAL,10768
OBCL-EQ,OBCL,8797
OBEROIRLTY-EQ,OBEROIRLTY,20242
OFSS-EQ,OFSS,10738
OIL-EQ,OIL,17438
OILCOUNTUB-EQ,OILCOUNTUB,2472
OILIETF-EQ,OILIETF,24533
OLAELEC-EQ,OLAELEC,24777
OLECTRA-EQ,OLECTRA,10637
OMAXAUTO-EQ,OMAXAUTO,10922
OMAXE-EQ,OMAXE,14853
OMINFRAL-EQ,OMINFRAL,24231
ONESOURCE-EQ,ONESOURCE,29224
ONGC-EQ,ONGC,2475
ONMOBILE-EQ,ONMOBILE,15278
OPTIEMUS-EQ,OPTIEMUS,21469
ORCHPHARMA-EQ,ORCHPHARMA,926
ORICONENT-EQ,ORICONENT,10159
ORIENTBELL-EQ,ORIENTBELL,14278
ORIENTCEM-EQ,ORIENTCEM,30089
ORIENTCER-EQ,ORIENTCER,13111
ORIENTELEC-EQ,ORIENTELEC,2972
ORIENTHOT-EQ,ORIENTHOT,2493
ORIENTLTD-EQ,ORIENTLTD,18208
ORIENTPPR-EQ,ORIENTPPR,2496
ORIENTTECH-EQ,ORIENTTECH,24961
ORISSAMINE-EQ,ORISSAMINE,19931
ORTINGLOBE-EQ,ORTINGLOBE,2979
OSWALAGRO-EQ,OSWALAGRO,2514
OSWALGREEN-EQ,OSWALGREEN,471
OSWALPUMPS-EQ,OSWALPUMPS,756802
OSWALSEEDS-EQ,OSWALSEEDS,14305
PAGEIND-EQ,PAGEIND,14413
PAISALO-EQ,PAISALO,25468
PAKKA-EQ,PAKKA,17197
PALASHSECU-EQ,PALASHSECU,21383
PANACEABIO-EQ,PANACEABIO,4055
PANAMAPET-EQ,PANAMAPET,25392
PARACABLES-EQ,PARACABLES,13951
PARADEEP-EQ,PARADEEP,9741
PARAGMILK-EQ,PARAGMILK,17130
PARAS-EQ,PARAS,5911
PARASPETRO-EQ,PARASPETRO,3972
PARKHOTELS-EQ,PARKHOTELS,22649
PASHUPATI-EQ,PASHUPATI,757955
PASUPTAC-EQ,PASUPTAC,6045
PATANJALI-EQ,PATANJALI,17029
PATELENG-EQ,PATELENG,11699
PATINTLOG-EQ,PATINTLOG,15219
PAVNAIND-EQ,PAVNAIND,16192
PAYTM-EQ,PAYTM,6705
PCBL-EQ,PCBL,2649
PCJEWELLER-EQ,PCJEWELLER,29124
PDMJEPAPER-EQ,PDMJEPAPER,15377
PDSL-EQ,PDSL,5264
PEARLPOLY-EQ,PEARLPOLY,2610
PEL-EQ,PEL,2412
PENIND-EQ,PENIND,20621
PENINLAND-EQ,PENINLAND,2256
PERSISTENT-EQ,PERSISTENT,18365
PETRONET-EQ,PETRONET,11351
PFC-EQ,PFC,14299
PFIZER-EQ,PFIZER,2643
PFOCUS-EQ,PFOCUS,13496
PFS-EQ,PFS,22602
PGEL-EQ,PGEL,25358
PGHH-EQ,PGHH,2535
PGHL-EQ,PGHL,940
PGIL-EQ,PGIL,14260
PHARMABEES-EQ,PHARMABEES,4973
PHOENIXLTD-EQ,PHOENIXLTD,14552
PICCADIL-EQ,PICCADIL,757754
PIDILITIND-EQ,PIDILITIND,2664
PIIND-EQ,PIIND,24184
PILANIINVS-EQ,PILANIINVS,11445
PIONEEREMB-EQ,PIONEEREMB,13463
PITTIENG-EQ,PITTIENG,14134
PIXTRANS-EQ,PIXTRANS,9087
PLASTIBLEN-EQ,PLASTIBLEN,13920
PLATIND-EQ,PLATIND,22930
PLAZACABLE-EQ,PLAZACABLE,19458
PNB-EQ,PNB,10666
PNBGILTS-EQ,PNBGILTS,8736
PNBHOUSING-EQ,PNBHOUSING,18908
PNCINFRA-EQ,PNCINFRA,9385
PNGJL-EQ,PNGJL,25312
POCL-EQ,POCL,14385
PODDARMENT-EQ,PODDARMENT,19036
POKARNA-EQ,POKARNA,17651
POLICYBZR-EQ,POLICYBZR,6656
POLYCAB-EQ,POLYCAB,9590
POLYMED-EQ,POLYMED,25718
POLYPLEX-EQ,POLYPLEX,2687
PONNIERODE-EQ,PONNIERODE,10661
POONAWALLA-EQ,POONAWALLA,11403
POWERGRID-EQ,POWERGRID,14977
POWERINDIA-EQ,POWERINDIA,18457
POWERMECH-EQ,POWERMECH,10473
PPL-EQ,PPL,10297
PPLPHARMA-EQ,PPLPHARMA,11571
PRABHA-EQ,PRABHA,30134
PRAENG-EQ,PRAENG,13941
PRAJIND-EQ,PRAJIND,2705
PRAKASH-EQ,PRAKASH,2708
PRAKASHSTL-EQ,PRAKASHSTL,19599
PRECAM-EQ,PRECAM,12603
PRECWIRE-EQ,PRECWIRE,2717
PREMEXPLN-EQ,PREMEXPLN,17397
PREMIERENE-EQ,PREMIERENE,25049
PREMIERPOL-EQ,PREMIERPOL,3908
PRESTIGE-EQ,PRESTIGE,20302
PRICOLLTD-EQ,PRICOLLTD,19631
PRIMESECU-EQ,PRIMESECU,11864
PRIMO-EQ,PRIMO,756925
PRINCEPIPE-EQ,PRINCEPIPE,16045
PRITI-EQ,PRITI,8304
PRITIKAUTO-EQ,PRITIKAUTO,5292
PRIVISCL-EQ,PRIVISCL,8825
PROSTARM-EQ,PROSTARM,758173
PROTEAN-EQ,PROTEAN,29472
PROZONER-EQ,PROZONER,28859
PRSMJOHNSN-EQ,PRSMJOHNSN,2739
PRUDENT-EQ,PRUDENT,9553
PRUDMOULI-EQ,PRUDMOULI,20527
PSB-EQ,PSB,21001
PSPPROJECT-EQ,PSPPROJECT,20877
PSUBANK-EQ,PSUBANK,15061
PSUBANKADD-EQ,PSUBANKADD,17616
PSUBNKBEES-EQ,PSUBNKBEES,15032
PSUBNKIETF-EQ,PSUBNKIETF,14584
PTC-EQ,PTC,11355
PTCIL-EQ,PTCIL,16682
PTL-EQ,PTL,14101
PUNJABCHEM-EQ,PUNJABCHEM,4344
PURVA-EQ,PURVA,14922
PVP-EQ,PVP,4010
PVRINOX-EQ,PVRINOX,13147
PVSL-EQ,PVSL,23142
PVTBANIETF-EQ,PVTBANIETF,11386
PVTBANKADD-EQ,PVTBANKADD,17576
PYRAMID-EQ,PYRAMID,18250
QGOLDHALF-EQ,QGOLDHALF,15330
QNIFTY-EQ,QNIFTY,16819
QPOWER-EQ,QPOWER,29711
QUADFUTURE-EQ,QUADFUTURE,29087
QUAL30IETF-EQ,QUAL30IETF,17808
QUALITY30-EQ,QUALITY30,757946
QUESS-EQ,QUESS,17704
QUICKHEAL-EQ,QUICKHEAL,13116
RACE-EQ,RACE,15391
RACLGEAR-EQ,RACLGEAR,27171
RADAAN-EQ,RADAAN,10932
RADHIKAJWE-EQ,RADHIKAJWE,10343
RADIANTCMS-EQ,RADIANTCMS,13580
RADICO-EQ,RADICO,10990
RADIOCITY-EQ,RADIOCITY,19877
RAILTEL-EQ,RAILTEL,2431
RAIN-EQ,RAIN,15337
RAINBOW-EQ,RAINBOW,9408
RAJESHEXPO-EQ,RAJESHEXPO,7401
RAJOOENG-EQ,RAJOOENG,757049
RAJRATAN-EQ,RAJRATAN,18962
RAJSREESUG-EQ,RAJSREESUG,2809
RALLIS-EQ,RALLIS,2816
RAMASTEEL-EQ,RAMASTEEL,10300
RAMCOCEM-EQ,RAMCOCEM,2043
RAMCOIND-EQ,RAMCOIND,4587
RAMKY-EQ,RAMKY,20134
RAMRAT-EQ,RAMRAT,10485
RANASUG-EQ,RANASUG,2837
RANEHOLDIN-EQ,RANEHOLDIN,2844
RATEGAIN-EQ,RATEGAIN,7177
RATNAMANI-EQ,RATNAMANI,13451
RATNAVEER-EQ,RATNAVEER,18423
RAYMOND-EQ,RAYMOND,2859
RAYMONDLSL-EQ,RAYMONDLSL,25073
RAYMONDREL-EQ,RAYMONDREL,758551
RBA-EQ,RBA,1494
RBLBANK-EQ,RBLBANK,18391
RBZJEWEL-EQ,RBZJEWEL,20874
RCF-EQ,RCF,2866
RECLTD-EQ,RECLTD,15355
REDINGTON-EQ,REDINGTON,14255
REDTAPE-EQ,REDTAPE,17859
REFEX-EQ,REFEX,17764
REGENCERAM-EQ,REGENCERAM,4130
RELAXO-EQ,RELAXO,24225
RELCHEMQ-EQ,RELCHEMQ,9652
RELIABLE-EQ,RELIABLE,24378
RELIANCE-EQ,RELIANCE,2885
RELIGARE-EQ,RELIGARE,15068
REMSONSIND-EQ,REMSONSIND,3965
RENUKA-EQ,RENUKA,12026
REPCOHOME-EQ,REPCOHOME,29598
REPL-EQ,REPL,1480
REPRO-EQ,REPRO,13126
RESPONIND-EQ,RESPONIND,20323
RETAIL-EQ,RETAIL,24145
RGL-EQ,RGL,15129
RHIM-EQ,RHIM,31163
RHL-EQ,RHL,15157
RICOAUTO-EQ,RICOAUTO,2909
RIIL-EQ,RIIL,2912
RISHABH-EQ,RISHABH,18417
RITCO-EQ,RITCO,8944
RITES-EQ,RITES,3761
RKDL-EQ,RKDL,20950
RKEC-EQ,RKEC,1547
RKFORGE-EQ,RKFORGE,11411
RKSWAMY-EQ,RKSWAMY,23043
RML-EQ,RML,11975
ROHLTD-EQ,ROHLTD,13182
ROLEXRINGS-EQ,ROLEXRINGS,5279
ROSSARI-EQ,ROSSARI,19410
ROSSELLIND-EQ,ROSSELLIND,28913
ROSSTECH-EQ,ROSSTECH,27353
ROTO-EQ,ROTO,9049
ROUTE-EQ,ROUTE,128
RPEL-EQ,RPEL,24735
RPGLIFE-EQ,RPGLIFE,16725
RPPINFRA-EQ,RPPINFRA,20760
RPPL-EQ,RPPL,6913
RPSGVENT-EQ,RPSGVENT,8119
RPTECH-EQ,RPTECH,22670
RRKABEL-EQ,RRKABEL,18566
RSWM-EQ,RSWM,2794
RSYSTEMS-EQ,RSYSTEMS,13414
RTNINDIA-EQ,RTNINDIA,27297
RTNPOWER-EQ,RTNPOWER,17520
RUBFILA-EQ,RUBFILA,24730
RUBYMILLS-EQ,RUBYMILLS,2939
RUCHIRA-EQ,RUCHIRA,13821
RUPA-EQ,RUPA,25724
RUSHIL-EQ,RUSHIL,24595
RUSTOMJEE-EQ,RUSTOMJEE,12219
RVHL-EQ,RVHL,1565
RVNL-EQ,RVNL,9552
SADBHAV-EQ,SADBHAV,13236
SADBHIN-EQ,SADBHIN,10618
SAFARI-EQ,SAFARI,13035
SAGARDEEP-EQ,SAGARDEEP,8175
SAGCEM-EQ,SAGCEM,14068
SAGILITY-EQ,SAGILITY,27052
SAHYADRI-EQ,SAHYADRI,14900
SAIL-EQ,SAIL,2963
SAILIFE-EQ,SAILIFE,27839
SAKHTISUG-EQ,SAKHTISUG,2969
SAKSOFT-EQ,SAKSOFT,11794
SALASAR-EQ,SALASAR,21362
SALONA-EQ,SALONA,17351
SALSTEEL-EQ,SALSTEEL,11634
SALZERELEC-EQ,SALZERELEC,11399
SAMBHAAV-EQ,SAMBHAAV,4127
SAMBHV-EQ,SAMBHV,757767
SAMHI-EQ,SAMHI,18614
SAMMAANCAP-EQ,SAMMAANCAP,30125
SAMPANN-EQ,SAMPANN,27303
SANATHAN-EQ,SANATHAN,28805
SANDESH-EQ,SANDESH,2988
SANDHAR-EQ,SANDHAR,2397
SANDUMA-EQ,SANDUMA,18359
SANGAMIND-EQ,SANGAMIND,4184
SANGHIIND-EQ,SANGHIIND,2997
SANGHVIMOV-EQ,SANGHVIMOV,14058
SANGINITA-EQ,SANGINITA,11032
SANOFI-EQ,SANOFI,1442
SANOFICONR-EQ,SANOFICONR,25222
SANSERA-EQ,SANSERA,5751
SANSTAR-EQ,SANSTAR,24582
SAPPHIRE-EQ,SAPPHIRE,6718
SARDAEN-EQ,SARDAEN,17758
SAREGAMA-EQ,SAREGAMA,4892
SARVESHWAR-EQ,SARVESHWAR,12913
SASKEN-EQ,SASKEN,11983
SASTASUNDR-EQ,SASTASUNDR,20063
SATIA-EQ,SATIA,11045
SATIN-EQ,SATIN,10453
SAURASHCEM-EQ,SAURASHCEM,3018
SBC-EQ,SBC,6792
SBCL-EQ,SBCL,4656
SBFC-EQ,SBFC,18026
SBIBPB-EQ,SBIBPB,30290
SBICARD-EQ,SBICARD,17971
SBIETFCON-EQ,SBIETFCON,5168
SBIETFIT-EQ,SBIETFIT,740
SBIETFPB-EQ,SBIETFPB,722
SBIETFQLTY-EQ,SBIETFQLTY,7218
SBILIFE-EQ,SBILIFE,21808
SBIN-EQ,SBIN,3045
SBINEQWETF-EQ,SBINEQWETF,24524
SBISILVER-EQ,SBISILVER,24366
SCHAEFFLER-EQ,SCHAEFFLER,1011
SCHAND-EQ,SCHAND,20698
SCI-EQ,SCI,3048
SCILAL-EQ,SCILAL,23127
SCODATUBES-EQ,SCODATUBES,757478
SCPL-EQ,SCPL,12072
SDBL-EQ,SDBL,1338
SDL26BEES-EQ,SDL26BEES,3022
SEAMECLTD-EQ,SEAMECLTD,2616
SECURKLOUD-EQ,SECURKLOUD,11058
SELAN-EQ,SELAN,13598
SELECTIPO-EQ,SELECTIPO,30109
SENCO-EQ,SENCO,17271
SENORES-EQ,SENORES,28888
SENSEXADD-EQ,SENSEXADD,17613
SENSEXETF-EQ,SENSEXETF,19224
SENSEXIETF-EQ,SENSEXIETF,4378
SEPC-EQ,SEPC,15308
SEQUENT-EQ,SEQUENT,14296
SERVOTECH-EQ,SERVOTECH,5507
SESHAPAPER-EQ,SESHAPAPER,3066
SETF10GILT-EQ,SETF10GILT,17395
SETFGOLD-EQ,SETFGOLD,17272
SETFNIF50-EQ,SETFNIF50,10176
SETFNIFBK-EQ,SETFNIFBK,7361
SETFNN50-EQ,SETFNN50,7353
SFL-EQ,SFL,19184
SGIL-EQ,SGIL,5114
SHAHALLOYS-EQ,SHAHALLOYS,11856
SHAILY-EQ,SHAILY,8727
SHAKTIPUMP-EQ,SHAKTIPUMP,25574
SHALBY-EQ,SHALBY,714
SHALPAINTS-EQ,SHALPAINTS,15342
SHANKARA-EQ,SHANKARA,20321
SHANTIGEAR-EQ,SHANTIGEAR,3078
SHARDACROP-EQ,SHARDACROP,4992
SHARDAMOTR-EQ,SHARDAMOTR,10530
SHAREINDIA-EQ,SHAREINDIA,104
SHARIABEES-EQ,SHARIABEES,17044
SHIVALIK-EQ,SHIVALIK,7016
SHIVAMAUTO-EQ,SHIVAMAUTO,13756
SHIVAMILLS-EQ,SHIVAMILLS,1497
SHIVATEX-EQ,SHIVATEX,804
SHK-EQ,SHK,11212
SHOPERSTOP-EQ,SHOPERSTOP,11813
SHRADHA-EQ,SHRADHA,708
SHREDIGCEM-EQ,SHREDIGCEM,3099
SHREECEM-EQ,SHREECEM,3103
SHREEPUSHK-EQ,SHREEPUSHK,10588
SHREERAMA-EQ,SHREERAMA,7627
SHRENIK-EQ,SHRENIK,11149
SHRIPISTON-EQ,SHRIPISTON,17186
SHRIRAMFIN-EQ,SHRIRAMFIN,4306
SHRIRAMPPS-EQ,SHRIRAMPPS,7200
SHYAMMETL-EQ,SHYAMMETL,4693
SIEMENS-EQ,SIEMENS,3150
SIGACHI-EQ,SIGACHI,6663
SIGNATURE-EQ,SIGNATURE,18743
SIGNPOST-EQ,SIGNPOST,22656
SIKKO-EQ,SIKKO,6218
SIL-EQ,SIL,11297
SILINV-EQ,SILINV,4105
SILLYMONKS-EQ,SILLYMONKS,19097
SILVER-EQ,SILVER,8003
SILVER1-EQ,SILVER1,13082
SILVER360-EQ,SILVER360,756150
SILVERADD-EQ,SILVERADD,10761
SILVERBEES-EQ,SILVERBEES,8080
SILVERCASE-EQ,SILVERCASE,30274
SILVERETF-EQ,SILVERETF,15085
SILVERIETF-EQ,SILVERIETF,7942
SILVERTUC-EQ,SILVERTUC,9422
SILVRETF-EQ,SILVRETF,16777
SIMPLEXINF-EQ,SIMPLEXINF,3162
SINCLAIR-EQ,SINCLAIR,23480
SINDHUTRAD-EQ,SINDHUTRAD,16859
SINTERCOM-EQ,SINTERCOM,381
SIRCA-EQ,SIRCA,11050
SIS-EQ,SIS,21501
SIYSIL-EQ,SIYSIL,14096
SJS-EQ,SJS,6643
SJVN-EQ,SJVN,18883
SKFINDIA-EQ,SKFINDIA,3186
SKIPPER-EQ,SKIPPER,9428
SKYGOLD-EQ,SKYGOLD,13631
SMALLCAP-EQ,SMALLCAP,22832
SMARTLINK-EQ,SMARTLINK,9889
SMARTWORKS-EQ,SMARTWORKS,757965
SMCGLOBAL-EQ,SMCGLOBAL,2320
SMLISUZU-EQ,SMLISUZU,3387
SMLT-EQ,SMLT,6843
SMSLIFE-EQ,SMSLIFE,21551
SMSPHARMA-EQ,SMSPHARMA,14329
SNOWMAN-EQ,SNOWMAN,4843
SNXT30BEES-EQ,SNXT30BEES,757455
SOBHA-EQ,SOBHA,13826
SOFTTECH-EQ,SOFTTECH,8266
SOLARA-EQ,SOLARA,3672
SOLARINDS-EQ,SOLARINDS,13332
SOMANYCERA-EQ,SOMANYCERA,3880
SOMICONVEY-EQ,SOMICONVEY,17794
SONACOMS-EQ,SONACOMS,4684
SONAMLTD-EQ,SONAMLTD,8806
SONATSOFTW-EQ,SONATSOFTW,6596
SOTL-EQ,SOTL,3021
SOUTHBANK-EQ,SOUTHBANK,5948
SPAL-EQ,SPAL,18252
SPANDANA-EQ,SPANDANA,11435
SPARC-EQ,SPARC,14788
SPECIALITY-EQ,SPECIALITY,27107
SPECTRUM-EQ,SPECTRUM,30455
SPENCERS-EQ,SPENCERS,8163
SPIC-EQ,SPIC,3252
SPLPETRO-EQ,SPLPETRO,9617
SPMLINFRA-EQ,SPMLINFRA,3321
SPORTKING-EQ,SPORTKING,10733
SRD-EQ,SRD,25737
SREEL-EQ,SREEL,31837
SRF-EQ,SRF,3273
SRGHFL-EQ,SRGHFL,18119
SRHHYPOLTD-EQ,SRHHYPOLTD,14582
SRM-EQ,SRM,23402
SSDL-EQ,SSDL,24856
SSWL-EQ,SSWL,11829
STALLION-EQ,STALLION,29204
STANLEY-EQ,STANLEY,24226
STAR-EQ,STAR,7374
STARCEMENT-EQ,STARCEMENT,21091
STARHEALTH-EQ,STARHEALTH,7083
STARPAPER-EQ,STARPAPER,3291
STARTECK-EQ,STARTECK,9305
STEELCAS-EQ,STEELCAS,6803
STEELCITY-EQ,STEELCITY,10406
STEELXIND-EQ,STEELXIND,21339
STEL-EQ,STEL,21484
STERTOOLS-EQ,STERTOOLS,4299
STLTECH-EQ,STLTECH,9309
STOVEKRAFT-EQ,STOVEKRAFT,2107
STYLAMIND-EQ,STYLAMIND,5186
STYLEBAAZA-EQ,STYLEBAAZA,25114
STYRENIX-EQ,STYRENIX,19
SUBROS-EQ,SUBROS,3324
SUDARSCHEM-EQ,SUDARSCHEM,3327
SUKHJITS-EQ,SUKHJITS,11804
SULA-EQ,SULA,13218
SUMICHEM-EQ,SUMICHEM,17105
SUMIT-EQ,SUMIT,11140
SUMMITSEC-EQ,SUMMITSEC,21275
SUNCLAY-EQ,SUNCLAY,20956
SUNDARAM-EQ,SUNDARAM,18931
SUNDARMFIN-EQ,SUNDARMFIN,3339
SUNDARMHLD-EQ,SUNDARMHLD,2183
SUNDRMBRAK-EQ,SUNDRMBRAK,4179
SUNDRMFAST-EQ,SUNDRMFAST,3345
SUNDROP-EQ,SUNDROP,1663
SUNFLAG-EQ,SUNFLAG,3348
SUNPHARMA-EQ,SUNPHARMA,3351
SUNTECK-EQ,SUNTECK,17641
SUNTV-EQ,SUNTV,13404
SUPERHOUSE-EQ,SUPERHOUSE,20616
SUPERSPIN-EQ,SUPERSPIN,3357
SUPRAJIT-EQ,SUPRAJIT,11689
SUPREME-EQ,SUPREME,29439
SUPREMEIND-EQ,SUPREMEIND,3363
SUPRIYA-EQ,SUPRIYA,7390
SURAJEST-EQ,SURAJEST,20822
SURAJLTD-EQ,SURAJLTD,24966
SURAKSHA-EQ,SURAKSHA,27334
SURANASOL-EQ,SURANASOL,21077
SURANAT&P-EQ,SURANAT&P,10700
SURYALAXMI-EQ,SURYALAXMI,11852
SURYAROSNI-EQ,SURYAROSNI,3375
SURYODAY-EQ,SURYODAY,2970
SUTLEJTEX-EQ,SUTLEJTEX,13801
SUZLON-EQ,SUZLON,12018
SVPGLOB-EQ,SVPGLOB,5020
SWANENERGY-EQ,SWANENERGY,27095
SWARAJENG-EQ,SWARAJENG,3384
SWELECTES-EQ,SWELECTES,11909
SWIGGY-EQ,SWIGGY,27066
SWSOLAR-EQ,SWSOLAR,12489
SYMPHONY-EQ,SYMPHONY,24190
SYNGENE-EQ,SYNGENE,10243
SYRMA-EQ,SYRMA,10793
TAINWALCHM-EQ,TAINWALCHM,3396
TAJGVK-EQ,TAJGVK,9354
TALBROAUTO-EQ,TALBROAUTO,13648
TANLA-EQ,TANLA,13976
TARACHAND-EQ,TARACHAND,23512
TARC-EQ,TARC,1581
TARIL-EQ,TARIL,15174
TARMAT-EQ,TARMAT,14771
TARSONS-EQ,TARSONS,6943
TASTYBITE-EQ,TASTYBITE,20092
TATACHEM-EQ,TATACHEM,3405
TATACOMM-EQ,TATACOMM,3721
TATACONSUM-EQ,TATACONSUM,3432
TATAELXSI-EQ,TATAELXSI,3411
TATAGOLD-EQ,TATAGOLD,21401
TATAINVEST-EQ,TATAINVEST,1621
TATAMOTORS-EQ,TATAMOTORS,3456
TATAPOWER-EQ,TATAPOWER,3426
TATASTEEL-EQ,TATASTEEL,3499
TATATECH-EQ,TATATECH,20293
TATSILV-EQ,TATSILV,21428
TATVA-EQ,TATVA,5162
TBOTEK-EQ,TBOTEK,23740
TBZ-EQ,TBZ,27037
TCI-EQ,TCI,10580
TCIEXP-EQ,TCIEXP,19223
TCPLPACK-EQ,TCPLPACK,184
TCS-EQ,TCS,11536
TDPOWERSYS-EQ,TDPOWERSYS,25178
TEAMLEASE-EQ,TEAMLEASE,12716
TECH-EQ,TECH,6462
TECHM-EQ,TECHM,13538
TECHNOE-EQ,TECHNOE,6445
TEGA-EQ,TEGA,7105
TEJASNET-EQ,TEJASNET,21131
TEXINFRA-EQ,TEXINFRA,11549
TEXMOPIPES-EQ,TEXMOPIPES,18214
TEXRAIL-EQ,TEXRAIL,21828
TFCILTD-EQ,TFCILTD,3466
TGBHOTELS-EQ,TGBHOTELS,14607
THANGAMAYL-EQ,THANGAMAYL,18118
THEINVEST-EQ,THEINVEST,21427
THEJO-EQ,THEJO,19279
THELEELA-EQ,THELEELA,757014
THEMISMED-EQ,THEMISMED,14485
THERMAX-EQ,THERMAX,3475
THOMASCOOK-EQ,THOMASCOOK,3481
THYROCARE-EQ,THYROCARE,17032
TI-EQ,TI,19196
TIIL-EQ,TIIL,14223
TIINDIA-EQ,TIINDIA,312
TIMESGTY-EQ,TIMESGTY,10717
TIMETECHNO-EQ,TIMETECHNO,14707
TIMKEN-EQ,TIMKEN,14198
TINNARUBR-EQ,TINNARUBR,756020
TIPSFILMS-EQ,TIPSFILMS,11374
TIPSMUSIC-EQ,TIPSMUSIC,9117
TIRUMALCHM-EQ,TIRUMALCHM,3496
TITAGARH-EQ,TITAGARH,15414
TITAN-EQ,TITAN,3506
TMB-EQ,TMB,10945
TNIDETF-EQ,TNIDETF,8882
TNPETRO-EQ,TNPETRO,3509
TNPL-EQ,TNPL,3980
TOKYOPLAST-EQ,TOKYOPLAST,3837
TOLINS-EQ,TOLINS,25262
TOP100CASE-EQ,TOP100CASE,24081
TOP10ADD-EQ,TOP10ADD,25171
TOP15IETF-EQ,TOP15IETF,757781
TORNTPHARM-EQ,TORNTPHARM,3518
TORNTPOWER-EQ,TORNTPOWER,13786
TOTAL-EQ,TOTAL,22423
TOUCHWOOD-EQ,TOUCHWOOD,16908
TPLPLASTEH-EQ,TPLPLASTEH,9219
TRACXN-EQ,TRACXN,11582
TRANSRAILL-EQ,TRANSRAILL,28714
TRANSWORLD-EQ,TRANSWORLD,3129
TRAVELFOOD-EQ,TRAVELFOOD,757545
TREJHARA-EQ,TREJHARA,7518
TREL-EQ,TREL,17795
TRENT-EQ,TRENT,1964
TRF-EQ,TRF,17987
TRIDENT-EQ,TRIDENT,9685
TRIGYN-EQ,TRIGYN,5428
TRITURBINE-EQ,TRITURBINE,25584
TRIVENI-EQ,TRIVENI,13081
TTKHLTCARE-EQ,TTKHLTCARE,11369
TTKPRESTIG-EQ,TTKPRESTIG,3546
TVSHLTD-EQ,TVSHLTD,29008
TVSMOTOR-EQ,TVSMOTOR,8479
TVSSCS-EQ,TVSSCS,18151
TVSSRICHAK-EQ,TVSSRICHAK,14245
TVTODAY-EQ,TVTODAY,11275
UBL-EQ,UBL,16713
UCAL-EQ,UCAL,3570
UCOBANK-EQ,UCOBANK,11223
UDAICEMENT-EQ,UDAICEMENT,7276
UDS-EQ,UDS,19113
UFLEX-EQ,UFLEX,1053
UFO-EQ,UFO,9039
UGARSUGAR-EQ,UGARSUGAR,19578
UGROCAP-EQ,UGROCAP,5313
UJJIVANSFB-EQ,UJJIVANSFB,15228
ULTRACEMCO-EQ,ULTRACEMCO,11532
UMESLTD-EQ,UMESLTD,19142
UMIYA-MRO-EQ,UMIYA-MRO,8998
UNICHEMLAB-EQ,UNICHEMLAB,3579
UNIDT-EQ,UNIDT,201
UNIECOM-EQ,UNIECOM,24809
UNIENTER-EQ,UNIENTER,11293
UNIONBANK-EQ,UNIONBANK,10753
UNIONGOLD-EQ,UNIONGOLD,29687
UNIPARTS-EQ,UNIPARTS,13057
UNITDSPR-EQ,UNITDSPR,10447
UNITEDPOLY-EQ,UNITEDPOLY,7560
UNITEDTEA-EQ,UNITEDTEA,17999
UNIVASTU-EQ,UNIVASTU,18977
UNIVCABLES-EQ,UNIVCABLES,3607
UNOMINDA-EQ,UNOMINDA,14154
UPL-EQ,UPL,11287
URJA-EQ,URJA,20203
USHAMART-EQ,USHAMART,8840
USK-EQ,USK,14871
UTIAMC-EQ,UTIAMC,527
UTIBANKETF-EQ,UTIBANKETF,22440
UTINEXT50-EQ,UTINEXT50,21478
UTINIFTETF-EQ,UTINIFTETF,10511
UTISENSETF-EQ,UTISENSETF,10515
UTISXN50-EQ,UTISXN50,9168
UTKARSHBNK-EQ,UTKARSHBNK,17358
UTTAMSUGAR-EQ,UTTAMSUGAR,13376
UYFINCORP-EQ,UYFINCORP,25626
V1NSETEST-EQ,V1NSETEST,12863
V2RETAIL-EQ,V2RETAIL,14766
VADILALIND-EQ,VADILALIND,24196
VAIBHAVGBL-EQ,VAIBHAVGBL,11364
VAISHALI-EQ,VAISHALI,16589
VAL30IETF-EQ,VAL30IETF,25851
VALIANTLAB-EQ,VALIANTLAB,19218
VARDHACRLC-EQ,VARDHACRLC,11220
VARDMNPOLY-EQ,VARDMNPOLY,3646
VARROC-EQ,VARROC,3857
VASCONEQ-EQ,VASCONEQ,18110
VBL-EQ,VBL,18921
VEDL-EQ,VEDL,3063
VEEDOL-EQ,VEEDOL,14019
VENKEYS-EQ,VENKEYS,3757
VENTIVE-EQ,VENTIVE,28847
VENUSPIPES-EQ,VENUSPIPES,9592
VERANDA-EQ,VERANDA,8890
VERTOZ-EQ,VERTOZ,18863
VESUVIUS-EQ,VESUVIUS,3676
VETO-EQ,VETO,8652
VGUARD-EQ,VGUARD,15362
VHL-EQ,VHL,11892
VIDHIING-EQ,VIDHIING,13536
VIJAYA-EQ,VIJAYA,5585
VIJIFIN-EQ,VIJIFIN,17691
VIKASECO-EQ,VIKASECO,25756
VIKASLIFE-EQ,VIKASLIFE,9931
VIMTALABS-EQ,VIMTALABS,13101
VINATIORGA-EQ,VINATIORGA,17364
VINCOFE-EQ,VINCOFE,25835
VINDHYATEL-EQ,VINDHYATEL,3694
VIPCLOTHNG-EQ,VIPCLOTHNG,14843
VIPIND-EQ,VIPIND,3703
VIRINCHI-EQ,VIRINCHI,15295
VISHNU-EQ,VISHNU,6908
VISHWARAJ-EQ,VISHWARAJ,13702
VIVIDHA-EQ,VIVIDHA,29877
VLSFINANCE-EQ,VLSFINANCE,3715
VMART-EQ,VMART,29284
VMM-EQ,VMM,27969
VOLTAMP-EQ,VOLTAMP,13577
VOLTAS-EQ,VOLTAS,3718
VPRPL-EQ,VPRPL,18341
VRAJ-EQ,VRAJ,24321
VRLLOG-EQ,VRLLOG,8696
VSSL-EQ,VSSL,27067
VSTIND-EQ,VSTIND,3724
VSTL-EQ,VSTL,22730
VSTTILLERS-EQ,VSTTILLERS,24292
VTL-EQ,VTL,2073
WAAREEENER-EQ,WAAREEENER,25907
WAAREERTL-EQ,WAAREERTL,756038
WABAG-EQ,WABAG,20188
WCIL-EQ,WCIL,25403
WEALTH-EQ,WEALTH,1923
WEBELSOLAR-EQ,WEBELSOLAR,14602
WEIZMANIND-EQ,WEIZMANIND,3748
WEL-EQ,WEL,7835
WELCORP-EQ,WELCORP,11821
WELENT-EQ,WELENT,11626
WELSPUNLIV-EQ,WELSPUNLIV,11253
WENDT-EQ,WENDT,4235
WESTLIFE-EQ,WESTLIFE,11580
WEWIN-EQ,WEWIN,9862
WHEELS-EQ,WHEELS,3766
WHIRLPOOL-EQ,WHIRLPOOL,18011
WILLAMAGOR-EQ,WILLAMAGOR,3772
WINDLAS-EQ,WINDLAS,5366
WINDMACHIN-EQ,WINDMACHIN,24969
WIPL-EQ,WIPL,20481
WIPRO-EQ,WIPRO,3787
WOCKPHARMA-EQ,WOCKPHARMA,7506
WONDERLA-EQ,WONDERLA,3002
WORTH-EQ,WORTH,22277
WSTCSTPAPR-EQ,WSTCSTPAPR,3799
XCHANGING-EQ,XCHANGING,11705
XELPMOC-EQ,XELPMOC,8477
XPROINDIA-EQ,XPROINDIA,11407
XTGLOBAL-EQ,XTGLOBAL,25235
YASHO-EQ,YASHO,18131
YATHARTH-EQ,YATHARTH,17738
YATRA-EQ,YATRA,18760
YESBANK-EQ,YESBANK,11915
YUKEN-EQ,YUKEN,5501
ZAGGLE-EQ,ZAGGLE,18608
ZEEL-EQ,ZEEL,3812
ZEEMEDIA-EQ,ZEEMEDIA,14003
ZENITHEXPO-EQ,ZENITHEXPO,4176
ZENSARTECH-EQ,ZENSARTECH,1076
ZENTEC-EQ,ZENTEC,7508
ZFCVINDIA-EQ,ZFCVINDIA,16915
ZIMLAB-EQ,ZIMLAB,12384
ZODIACLOTH-EQ,ZODIACLOTH,3821
ZOTA-EQ,ZOTA,11394
ZUARI-EQ,ZUARI,29050
ZUARIIND-EQ,ZUARIIND,3827
ZYDUSLIFE-EQ,ZYDUSLIFE,7929
ZYDUSWELL-EQ,ZYDUSWELL,17635
