symbol,token,name,lotsize
ABAN,10,ABAN,1
SCHAEFFLER,1011,SCHAEFFLER,1
AYMSYNTEX,10285,AYMSYNTEX,1
KSHITIJPOL,10407,KSHITIJPOL,1
RAMRAT,10485,RAMRAT,1
CONS,10512,CONS,1
MOMENTUM,10693,MOMENTUM,1
OAL,10768,OAL,1
MOQUALITY,10822,MOQUALITY,1
OMAXAUTO,10922,OMAXAUTO,1
RADICO,10990,RADICO,1
SUMIT,11140,SUMIT,1
TVTODAY,11275,TVTODAY,1
BALAXI,11309,BALAXI,1
TTKHLTCARE,11369,TTKHLTCARE,1
POONAWALLA,11403,POONAWALLA,1
RKFORGE,11411,RKFORGE,1
DATAMATICS,11423,DATAMATICS,1
BANKBEES,11439,BANKBEES,1
PILANIINVS,11445,PILANIINVS,1
CCL,11452,CCL,1
HDFCMOMENT,11538,HDFCMOMENT,1
FORCEMOT,11573,FORCEMOT,1
WESTLIFE,11580,WESTLIFE,1
HDFCSENSEX,11593,HDFCSENSEX,1
WELENT,11626,WELENT,1
ALKEM,11703,ALKEM,1
JPPOWER,11763,JPPOWER,1
EVEREADY,11782,EVEREADY,1
IIFL,11809,IIFL,1
GENUSPOWER,11905,GENUSPOWER,1
RML,11975,RML,1
FIVESTAR,12032,FIVESTAR,1
HNDFDS,12173,HNDFDS,1
AAATECH,12533,AAATECH,1
VIMTALABS,13101,VIMTALABS,1
EBBETF0433,13139,EBBETF0433,1
SULA,13218,SULA,1
SADBHAV,13236,SADBHAV,1
INDOTECH,13275,INDOTECH,1
UTTAMSUGAR,13376,UTTAMSUGAR,1
SUNTV,13404,SUNTV,1
EMKAY,13421,EMKAY,1
KELLTONTEC,13430,KELLTONTEC,1
JKLAKSHMI,13491,JKLAKSHMI,1
GMRAIRPORT,13528,GMRAIRPORT,1
TECHM,13538,TECHM,1
ALICON,13656,ALICON,1
VISHWARAJ,13702,VISHWARAJ,1
BBL,13761,BBL,1
GESHIP,13776,GESHIP,1
TORNTPOWER,13786,TORNTPOWER,1
DONEAR,13839,DONEAR,1
KUANTUM,13870,KUANTUM,1
PLASTIBLEN,13920,PLASTIBLEN,1
HUBTOWN,14203,HUBTOWN,1
HDFCBSE500,14230,HDFCBSE500,1
BANSWRAS,14511,BANSWRAS,1
ABSLLIQUID,14518,ABSLLIQUID,1
ALPHAGEO,14597,ALPHAGEO,1
NDLVENTURE,14547,NDLVENTURE,1
AKZOINDIA,1467,AKZOINDIA,1
NAGREEKEXP,14702,NAGREEKEXP,1
011NSETEST,14747,011NSETEST,1
091NSETEST,14769,091NSETEST,1
121NSETEST,14777,121NSETEST,1
DECCANCE,14838,DECCANCE,1
CENTUM,14982,CENTUM,1
ASTERDM,1508,ASTERDM,1
BLAL,15067,BLAL,1
BIRLAMONEY,15239,BIRLAMONEY,1
JKIL,15266,JKIL,1
INDIANHUME,1530,INDIANHUME,1
BANG,15303,BANG,1
GMMPFAUDLR,1570,GMMPFAUDLR,1
FAIRCHEMOR,1614,FAIRCHEMOR,1
IOC,1624,IOC,1
PRINCEPIPE,16045,PRINCEPIPE,1
ANDHRAPAP,166,ANDHRAPAP,1
INFIBEAM,16249,INFIBEAM,1
MAWANASUG,17022,MAWANASUG,1
IDEAFORGE,17140,IDEAFORGE,1
SENCO,17271,SENCO,1
BLS,17279,BLS,1
CONFIPET,10238,CONFIPET,1
SYNGENE,10243,SYNGENE,1
AURUM,10310,AURUM,1
SHAREINDIA,104,SHAREINDIA,1
DYCL,10417,DYCL,1
UNITDSPR,10447,UNITDSPR,1
NIFTYBEES,10576,NIFTYBEES,1
TIMESGTY,10717,TIMESGTY,1
SILVERADD,10761,SILVERADD,1
GABRIEL,1085,GABRIEL,1
SYRMA,10793,SYRMA,1
GVPTECH,10865,GVPTECH,1
HDFCSILVER,10876,HDFCSILVER,1
LIQUIDBEES,11006,LIQUIDBEES,1
SIRCA,11050,SIRCA,1
KSOLVES,11060,KSOLVES,1
HARSHA,11162,HARSHA,1
AXISILVER,11193,AXISILVER,1
VARDHACRLC,11220,VARDHACRLC,1
HDFCVALUE,11260,HDFCVALUE,1
DREDGECORP,11271,DREDGECORP,1
MAHABANK,11377,MAHABANK,1
ZOTA,11394,ZOTA,1
SALZERELEC,11399,SALZERELEC,1
ULTRACEMCO,11532,ULTRACEMCO,1
TEXINFRA,11549,TEXINFRA,1
GULFPETRO,11581,GULFPETRO,1
INDOCO,11677,INDOCO,1
ACEINTEG,11779,ACEINTEG,1
SSWL,11829,SSWL,1
SWELECTES,11909,SWELECTES,1
FUSION,11932,FUSION,1
SUZLON,12018,SUZLON,1
HDFCPVTBAN,12108,HDFCPVTBAN,1
DOLATALGO,12124,DOLATALGO,1
TRIVENI,13081,TRIVENI,1
ROHLTD,13182,ROHLTD,1
M&MFIN,13285,M&MFIN,1
AFSL,13288,AFSL,1
KEI,13310,KEI,1
GALLANTT,13337,GALLANTT,1
RSYSTEMS,13414,RSYSTEMS,1
LOKESHMACH,13436,LOKESHMACH,1
PFOCUS,13496,PFOCUS,1
VIDHIING,13536,VIDHIING,1
AVONMORE,13557,AVONMORE,1
SUTLEJTEX,13801,SUTLEJTEX,1
LTFOODS,13816,LTFOODS,1
SOBHA,13826,SOBHA,1
MMFL,13844,MMFL,1
CREST,13900,CREST,1
LIQUID1,13950,LIQUID1,1
JASH,13982,JASH,1
AVTNPL,14008,AVTNPL,1
ASMS,14064,ASMS,1
IGPL,14086,IGPL,1
BTML,14150,BTML,1
NSLNISP,14180,NSLNISP,1
NINSYS,14194,NINSYS,1
SEQUENT,14296,SEQUENT,1
ASTRAL,14418,ASTRAL,1
LAOPALA,14423,LAOPALA,1
NAVINFLUOR,14672,NAVINFLUOR,1
081NSETEST,14767,081NSETEST,1
BAJAJELEC,15034,BAJAJELEC,1
BVCL,15073,BVCL,1
EDELWEISS,15119,EDELWEISS,1
COLPAL,15141,COLPAL,1
MADHAV,15151,MADHAV,1
DVL,15214,DVL,1
KNRCON,15283,KNRCON,1
SEPC,15308,SEPC,1
NMDC,15332,NMDC,1
GSS,15347,GSS,1
RKEC,1547,RKEC,1
ACL,15420,ACL,1
BECTORFOOD,1628,BECTORFOOD,1
IKIO,16822,IKIO,1
ZFCVINDIA,16915,ZFCVINDIA,1
JAYSREETEA,1720,JAYSREETEA,1
PAKKA,17197,PAKKA,1
ITETFADD,17207,ITETFADD,1
FACT,1008,FACT,1
EMAMIPAP,10074,EMAMIPAP,1
FINCABLES,1038,FINCABLES,1
STEELCITY,10406,STEELCITY,1
UFLEX,1053,UFLEX,1
UTISENSETF,10515,UTISENSETF,1
OFSS,10738,OFSS,1
JUNIORBEES,10939,JUNIORBEES,1
SANGINITA,11032,SANGINITA,1
SECURKLOUD,11058,SECURKLOUD,1
UCOBANK,11223,UCOBANK,1
BIOCON,11373,BIOCON,1
TIPSFILMS,11374,TIPSFILMS,1
APARINDS,11491,APARINDS,1
NARMADA,11627,NARMADA,1
DWARKESH,11667,DWARKESH,1
GODFRYPHLP,1181,GODFRYPHLP,1
AMBER,1185,AMBER,1
PRIMESECU,11864,PRIMESECU,1
63MOONS,11868,63MOONS,1
FMGOETZE,1190,FMGOETZE,1
BIKAJI,11966,BIKAJI,1
GOLDIAM,11971,GOLDIAM,1
FAZE3Q,12000,FAZE3Q,1
RUSTOMJEE,12219,RUSTOMJEE,1
V1NSETEST,12863,V1NSETEST,1
IIFLCAPS,13072,IIFLCAPS,1
GALAXYSURF,1315,GALAXYSURF,1
JAGRAN,13211,JAGRAN,1
CENTURYPLY,13305,CENTURYPLY,1
HEG,1336,HEG,1
MALUPAPER,13352,MALUPAPER,1
GPIL,13409,GPIL,1
HEROMOTOCO,1348,HEROMOTOCO,1
AKASH,13510,AKASH,1
ANANTRAJ,13620,ANANTRAJ,1
HINDALCO,1363,HINDALCO,1
GEECEE,13658,GEECEE,1
MANOMAY,13753,MANOMAY,1
SHIVAMAUTO,13756,SHIVAMAUTO,1
AARTIPHARM,13868,AARTIPHARM,1
HINDUNILVR,1394,HINDUNILVR,1
PARACABLES,13951,PARACABLES,1
HBLENGINE,13966,HBLENGINE,1
LUMAXTECH,14014,LUMAXTECH,1
VEEDOL,14019,VEEDOL,1
IZMO,14174,IZMO,1
FSL,14304,FSL,1
INDIANB,14309,INDIANB,1
SMSPHARMA,14329,SMSPHARMA,1
HSCL,14334,HSCL,1
GODREJAGRO,144,GODREJAGRO,1
PAGEIND,14413,PAGEIND,1
NAHARSPING,14440,NAHARSPING,1
GOKULAGRO,14480,GOKULAGRO,1
THEMISMED,14485,THEMISMED,1
NCLIND,14490,NCLIND,1
ICRA,14523,ICRA,1
GOLDSHARE,14535,GOLDSHARE,1
ACCURACY,1465,ACCURACY,1
KMSUGAR,14667,KMSUGAR,1
HGS,14712,HGS,1
021NSETEST,14751,021NSETEST,1
031NSETEST,14753,031NSETEST,1
V2RETAIL,14766,V2RETAIL,1
141NSETEST,14781,141NSETEST,1
RBA,1494,RBA,1
PURVA,14922,PURVA,1
PSUBNKBEES,15032,PSUBNKBEES,1
RHL,15157,RHL,1
INDIAGLYCO,1521,INDIAGLYCO,1
IRB,15313,IRB,1
RECLTD,15355,RECLTD,1
GOLDETFADD,15356,GOLDETFADD,1
VGUARD,15362,VGUARD,1
PDMJEPAPER,15377,PDMJEPAPER,1
INFY,1594,INFY,1
VAISHALI,16589,VAISHALI,1
KIRIINDUS,16639,KIRIINDUS,1
DIGISPICE,16683,DIGISPICE,1
SILVRETF,16777,SILVRETF,1
HGINFRA,1672,HGINFRA,1
GHCLTEXTIL,16696,GHCLTEXTIL,1
LPDC,16863,LPDC,1
JOCIL,16927,JOCIL,1
THYROCARE,17032,THYROCARE,1
CROMPTON,17094,CROMPTON,1
AARTECH,17145,AARTECH,1
CYIENTDLM,17187,CYIENTDLM,1
SETFGOLD,17272,SETFGOLD,1
AJMERA,17307,AJMERA,1
ORICONENT,10159,ORICONENT,1
FEDERALBNK,1023,FEDERALBNK,1
ADANIENSOL,10217,ADANIENSOL,1
PPL,10297,PPL,1
CSLFINANCE,10350,CSLFINANCE,1
KRBL,10577,KRBL,1
TCI,10580,TCI,1
SADBHIN,10618,SADBHIN,1
ASAL,10634,ASAL,1
SPORTKING,10733,SPORTKING,1
GENESYS,10905,GENESYS,1
AGRITECH,11072,AGRITECH,1
IDFCFIRSTB,11184,IDFCFIRSTB,1
SHK,11212,SHK,1
WELSPUNLIV,11253,WELSPUNLIV,1
UPL,11287,UPL,1
LUXIND,11301,LUXIND,1
MUKANDLTD,11325,MUKANDLTD,1
DHANBANK,11359,DHANBANK,1
KRITINUT,11432,KRITINUT,1
NV20,11457,NV20,1
GLAXO,1153,GLAXO,1
EXCELINDUS,11471,EXCELINDUS,1
EMIL,11530,EMIL,1
PPLPHARMA,11571,PPLPHARMA,1
HPIL,11796,HPIL,1
DCXINDIA,11895,DCXINDIA,1
ZIMLAB,12384,ZIMLAB,1
AMBUJACEM,1270,AMBUJACEM,1
ROUTE,128,ROUTE,1
KRISHANA,12847,KRISHANA,1
EKC,13091,EKC,1
HARRMALAYA,1313,HARRMALAYA,1
REPRO,13126,REPRO,1
GSEC10IETF,13143,GSEC10IETF,1
EMAMILTD,13517,EMAMILTD,1
SKYGOLD,13631,SKYGOLD,1
JMFINANCIL,13637,JMFINANCIL,1
GTLINFRA,13745,GTLINFRA,1
FLUOROCHEM,13750,FLUOROCHEM,1
BAIDFIN,13794,BAIDFIN,1
MANALIPETC,13796,MANALIPETC,1
HINDPETRO,1406,HINDPETRO,1
NETWORK18,14111,NETWORK18,1
TIMKEN,14198,TIMKEN,1
HDFCSML250,14233,HDFCSML250,1
TVSSRICHAK,14245,TVSSRICHAK,1
PGIL,14260,PGIL,1
OSWALSEEDS,14305,OSWALSEEDS,1
GOLDBEES,14428,GOLDBEES,1
HLVLTD,1448,HLVLTD,1
DIVGIITTS,14479,DIVGIITTS,1
BIRLANU,1455,BIRLANU,1
DISHTV,14537,DISHTV,1
SRHHYPOLTD,14582,SRHHYPOLTD,1
GSLSU,14599,GSLSU,1
TGBHOTELS,14607,TGBHOTELS,1
INSECTICID,14657,INSECTICID,1
071NSETEST,14764,071NSETEST,1
REPL,1480,REPL,1
GOLD1,14858,GOLD1,1
NAGREEKCAP,14942,NAGREEKCAP,1
MOGSEC,1507,MOGSEC,1
CCCL,14992,CCCL,1
MANGCHEFER,15007,MANGCHEFER,1
TARIL,15174,TARIL,1
ECLERX,15179,ECLERX,1
PATINTLOG,15219,PATINTLOG,1
QGOLDHALF,15330,QGOLDHALF,1
ATAM,15404,ATAM,1
AVG,15589,AVG,1
SUNDROP,1663,SUNDROP,1
BAJAJ-AUTO,16669,BAJAJ-AUTO,1
GVT&D,16783,GVT&D,1
QNIFTY,16819,QNIFTY,1
KOKUYOCMLN,16827,KOKUYOCMLN,1
ARTEMISMED,16913,ARTEMISMED,1
INDBANK,16933,INDBANK,1
ALBERTDAVD,17256,ALBERTDAVD,1
JBCHEPHARM,1726,JBCHEPHARM,1
GKWLIMITED,17357,GKWLIMITED,1
MHRIL,17333,MHRIL,1
NHPC,17400,NHPC,1
OIL,17438,OIL,1
AMRUTANJAN,17547,AMRUTANJAN,1
MAHEPC,17603,MAHEPC,1
MOLDTECH,17625,MOLDTECH,1
POKARNA,17651,POKARNA,1
GPTINFRA,17685,GPTINFRA,1
YATHARTH,17738,YATHARTH,1
ATL,17778,ATL,1
GODREJPROP,17875,GODREJPROP,1
KAKATCEM,1811,KAKATCEM,1
THANGAMAYL,18118,THANGAMAYL,1
HATHWAY,18154,HATHWAY,1
SPAL,18252,SPAL,1
HDFCLIQUID,18279,HDFCLIQUID,1
NIFMID150,18347,NIFMID150,1
PERSISTENT,18365,PERSISTENT,1
BIGBLOC,18431,BIGBLOC,1
JLHL,18553,JLHL,1
ZAGGLE,18608,ZAGGLE,1
SIGNATURE,18743,SIGNATURE,1
KINGFA,18944,KINGFA,1
KIRLOSIND,19025,KIRLOSIND,1
TCIEXP,19223,TCIEXP,1
THEJO,19279,THEJO,1
MOM50,19289,MOM50,1
BOROLTD,19401,BOROLTD,1
ROSSARI,19410,ROSSARI,1
PRICOLLTD,19631,PRICOLLTD,1
ITETF,19633,ITETF,1
BLUEJET,19686,BLUEJET,1
SASTASUNDR,20063,SASTASUNDR,1
LUMAXIND,2018,LUMAXIND,1
CANTABIL,20160,CANTABIL,1
CLEDUCATE,20223,CLEDUCATE,1
PRESTIGE,20302,PRESTIGE,1
DOMS,20551,DOMS,1
HUDCO,20825,HUDCO,1
INNOVACAP,21062,INNOVACAP,1
TEJASNET,21131,TEJASNET,1
MASTEK,2124,MASTEK,1
DIGIDRIVE,21247,DIGIDRIVE,1
DYNPRO,21314,DYNPRO,1
TATAGOLD,21401,TATAGOLD,1
DAVANGERE,21794,DAVANGERE,1
NIFTYBETF,21959,NIFTYBETF,1
LIQUID,17572,LIQUID,1
PVTBANKADD,17576,PVTBANKADD,1
LLOYDSENGG,17801,LLOYDSENGG,1
KAJARIACER,1808,KAJARIACER,1
TCPLPACK,184,TCPLPACK,1
KANORICHEM,1835,KANORICHEM,1
SANDUMA,18359,SANDUMA,1
CUPID,18520,CUPID,1
KALAMANDIR,18755,KALAMANDIR,1
MAZDA,18866,MAZDA,1
UDS,19113,UDS,1
PRAKASHSTL,19599,PRAKASHSTL,1
TRENT,1964,TRENT,1
GPPL,19731,GPPL,1
MUFIN,19783,MUFIN,1
ARIHANTSUP,20159,ARIHANTSUP,1
IRFC,2029,IRFC,1
ESILVER,20257,ESILVER,1
INDIGOPNTS,2048,INDIGOPNTS,1
JINDWORLD,20642,JINDWORLD,1
VTL,2073,VTL,1
RPPINFRA,20760,RPPINFRA,1
MOTISONS,20788,MOTISONS,1
SURAJEST,20822,SURAJEST,1
MUTHOOTMF,20831,MUTHOOTMF,1
STOVEKRAFT,2107,STOVEKRAFT,1
SURANASOL,21077,SURANASOL,1
MARALOVER,2112,MARALOVER,1
SIS,21501,SIS,1
DIXON,21690,DIXON,1
SUNDARMHLD,2183,SUNDARMHLD,1
HDFCPSUBK,22595,HDFCPSUBK,1
RPTECH,22670,RPTECH,1
JUNIPER,22824,JUNIPER,1
HAL,2303,HAL,1
BESTAGRO,2306,BESTAGRO,1
JGCHEM,23056,JGCHEM,1
AIIL,23553,AIIL,1
GLOSTERLTD,23590,GLOSTERLTD,1
MUTHOOTFIN,23650,MUTHOOTFIN,1
TBOTEK,23740,TBOTEK,1
MIDSMALL,23855,MIDSMALL,1
AWFIS,23864,AWFIS,1
FILATEX,24532,FILATEX,1
ONGC,2475,ONGC,1
MANCREDIT,24823,MANCREDIT,1
MODEFENCE,24944,MODEFENCE,1
TDPOWERSYS,25178,TDPOWERSYS,1
KROSS,25252,KROSS,1
BAJAJHFL,25270,BAJAJHFL,1
EBANKNIFTY,25258,EBANKNIFTY,1
PANAMAPET,25392,PANAMAPET,1
WCIL,25403,WCIL,1
MINDACORP,25897,MINDACORP,1
ATUL,263,ATUL,1
AFCONS,25977,AFCONS,1
AVL,25984,AVL,1
HEXATRADEX,27008,HEXATRADEX,1
PRAJIND,2705,PRAJIND,1
SAMPANN,27303,SAMPANN,1
GICRE,277,GICRE,1
AUTOAXLES,278,AUTOAXLES,1
SAILIFE,27839,SAILIFE,1
RCF,2866,RCF,1
SENORES,28888,SENORES,1
ECAPINSURE,29019,ECAPINSURE,1
LAXMIDENTL,29171,LAXMIDENTL,1
NIF100BEES,29577,NIF100BEES,1
UNIONGOLD,29687,UNIONGOLD,1
GUJTHEM,29731,GUJTHEM,1
ORTINGLOBE,2979,ORTINGLOBE,1
SANDESH,2988,SANDESH,1
SANGHIIND,2997,SANGHIIND,1
CASHIETF,30139,CASHIETF,1
ITIETF,22365,ITIETF,1
MAXHEALTH,22377,MAXHEALTH,1
NIFITETF,22488,NIFITETF,1
LICNMID100,22722,LICNMID100,1
MRF,2277,MRF,1
GOLDCASE,22901,GOLDCASE,1
MUKKA,22980,MUKKA,1
RKSWAMY,23043,RKSWAMY,1
MURUDCERA,2313,MURUDCERA,1
CPSEETF,2328,CPSEETF,1
INDGN,23693,INDGN,1
NELCO,2388,NELCO,1
MID150CASE,24077,MID150CASE,1
AFIL,24159,AFIL,1
DHANUKA,24409,DHANUKA,1
SBINEQWETF,24524,SBINEQWETF,1
GROWWEV,24798,GROWWEV,1
RAYMONDLSL,25073,RAYMONDLSL,1
PNGJL,25312,PNGJL,1
ARKADE,25398,ARKADE,1
RUPA,25724,RUPA,1
MTARTECH,2709,MTARTECH,1
CHEMFAB,2799,CHEMFAB,1
RAJSREESUG,2809,RAJSREESUG,1
RELIANCE,2885,RELIANCE,1
MAYURUNIQ,28906,MAYURUNIQ,1
RICOAUTO,2909,RICOAUTO,1
DDEVPLSTIK,29098,DDEVPLSTIK,1
INDUSTOWER,29135,INDUSTOWER,1
ITCHOTELS,29251,ITCHOTELS,1
DENTA,29256,DENTA,1
RUBYMILLS,2939,RUBYMILLS,1
MOCAPITAL,30065,MOCAPITAL,1
ORIENTCEM,30089,ORIENTCEM,1
SELECTIPO,30109,SELECTIPO,1
SOTL,3021,SOTL,1
SBIBPB,30290,SBIBPB,1
VEDL,3063,VEDL,1
SHREDIGCEM,3099,SHREDIGCEM,1
TRANSWORLD,3129,TRANSWORLD,1
NBCC,31415,NBCC,1
SREEL,31837,SREEL,1
SPIC,3252,SPIC,1
SUNDARMFIN,3339,SUNDARMFIN,1
TAINWALCHM,3396,TAINWALCHM,1
TATACHEM,3405,TATACHEM,1
THERMAX,3475,THERMAX,1
CLSEL,3482,CLSEL,1
TITAN,3506,TITAN,1
VESUVIUS,3676,VESUVIUS,1
ANMOL,3727,ANMOL,1
BHARATRAS,3834,BHARATRAS,1
BEML,395,BEML,1
GOCLCORP,3963,GOCLCORP,1
REMSONSIND,3965,REMSONSIND,1
BERGEPAINT,404,BERGEPAINT,1
GREENPLY,3987,GREENPLY,1
ZENITHEXPO,4176,ZENITHEXPO,1
MOTHERSON,4204,MOTHERSON,1
ELECTHERM,4469,ELECTHERM,1
DYNAMATECH,4525,DYNAMATECH,1
GUJRAFFIA,4548,GUJRAFFIA,1
HAPPSTMNDS,48,HAPPSTMNDS,1
ICEMAKE,489,ICEMAKE,1
ENGINERSIN,4907,ENGINERSIN,1
GANGAFORGE,4957,GANGAFORGE,1
IRCON,4986,IRCON,1
JAICORPLTD,5143,JAICORPLTD,1
TRIGYN,5428,TRIGYN,1
APTUS,5435,APTUS,1
SDL26BEES,3022,SDL26BEES,1
BAJAJHLDNG,305,BAJAJHLDNG,1
SPECTRUM,30455,SPECTRUM,1
MID150,30469,MID150,1
SHREECEM,3103,SHREECEM,1
SIMPLEXINF,3162,SIMPLEXINF,1
SRF,3273,SRF,1
STARPAPER,3291,STARPAPER,1
TATAPOWER,3426,TATAPOWER,1
AXISHCETF,3608,AXISHCETF,1
VARDMNPOLY,3646,VARDMNPOLY,1
VINDHYATEL,3694,VINDHYATEL,1
TATACOMM,3721,TATACOMM,1
MAHLOG,385,MAHLOG,1
WHEELS,3766,WHEELS,1
VARROC,3857,VARROC,1
SAMBHAAV,4127,SAMBHAAV,1
DENORA,4279,DENORA,1
PUNJABCHEM,4344,PUNJABCHEM,1
JAGSNPHARM,4410,JAGSNPHARM,1
AARTIDRUGS,4481,AARTIDRUGS,1
INDNIPPON,4747,INDNIPPON,1
KIMS,4847,KIMS,1
CLEAN,5049,CLEAN,1
KPIGREEN,5108,KPIGREEN,1
PRITIKAUTO,5292,PRITIKAUTO,1
DEVYANI,5373,DEVYANI,1
NUVOCO,5426,NUVOCO,1
CHEMPLASTS,5449,CHEMPLASTS,1
ADANIPOWER,17388,ADANIPOWER,1
EXPLEOSOL,17486,EXPLEOSOL,1
ASALCBR,17598,ASALCBR,1
SENSEXADD,17613,SENSEXADD,1
ZYDUSWELL,17635,ZYDUSWELL,1
BEARDSELL,17933,BEARDSELL,1
COHANCE,17945,COHANCE,1
SBFC,18026,SBFC,1
TVSSCS,18151,TVSSCS,1
KECL,18220,KECL,1
PYRAMID,18250,PYRAMID,1
LGBBROSLTD,18321,LGBBROSLTD,1
RISHABH,18417,RISHABH,1
GNA,18571,GNA,1
DIAMINESQ,18644,DIAMINESQ,1
STYRENIX,19,STYRENIX,1
KOPRAN,1919,KOPRAN,1
TI,19196,TI,1
MASFIN,199,MASFIN,1
RADIOCITY,19877,RADIOCITY,1
LICHSGFIN,1997,LICHSGFIN,1
INFRABEES,20072,INFRABEES,1
JWL,20224,JWL,1
OBEROIRLTY,20242,OBEROIRLTY,1
SHANKARA,20321,SHANKARA,1
RAMCOCEM,2043,RAMCOCEM,1
CHENNPETRO,2049,CHENNPETRO,1
HOMEFIRST,2056,HOMEFIRST,1
JAMNAAUTO,20778,JAMNAAUTO,1
AZAD,20905,AZAD,1
MANGLMCEM,2106,MANGLMCEM,1
KICL,21119,KICL,1
ASHOKLEY,212,ASHOKLEY,1
CDSL,21174,CDSL,1
LOWVOLIETF,21254,LOWVOLIETF,1
BDL,2144,BDL,1
STEELXIND,21339,STEELXIND,1
AVADHSUGAR,21406,AVADHSUGAR,1
MOM100,21423,MOM100,1
MATRIMONY,21726,MATRIMONY,1
CAPACITE,21749,CAPACITE,1
INDTERRAIN,21957,INDTERRAIN,1
IEX,220,IEX,1
UTIBANKETF,22440,UTIBANKETF,1
NIF5GETF,22521,NIF5GETF,1
MRPL,2283,MRPL,1
SMALLCAP,22832,SMALLCAP,1
HEIDELBERG,2316,HEIDELBERG,1
MOSMALL250,23181,MOSMALL250,1
BBNPNBETF,24117,BBNPNBETF,1
VSTTILLERS,24292,VSTTILLERS,1
OILIETF,24533,OILIETF,1
RUBFILA,24730,RUBFILA,1
INVENTURE,24870,INVENTURE,1
LTF,24948,LTF,1
PGEL,25358,PGEL,1
NIRAJ,255,NIRAJ,1
MANBA,25597,MANBA,1
SRD,25737,SRD,1
KANANIIND,25786,KANANIIND,1
LLOYDSENT,25807,LLOYDSENT,1
PEARLPOLY,2610,PEARLPOLY,1
LEMONTREE,2606,LEMONTREE,1
MASTERTR,27047,MASTERTR,1
PRECWIRE,2717,PRECWIRE,1
ROSSELLIND,28913,ROSSELLIND,1
PROTEAN,29472,PROTEAN,1
REPCOHOME,29598,REPCOHOME,1
BAJAJINDEF,29678,BAJAJINDEF,1
BSE500IETF,3001,BSE500IETF,1
EQUAL200,30121,EQUAL200,1
AXISVALUE,30155,AXISVALUE,1
SBIN,3045,SBIN,1
AONELIQUID,30472,AONELIQUID,1
BORORENEW,3149,BORORENEW,1
ISGEC,3329,ISGEC,1
SUNPHARMA,3351,SUNPHARMA,1
ADOR,34,ADOR,1
SURYAROSNI,3375,SURYAROSNI,1
TATAELXSI,3411,TATAELXSI,1
UCAL,3570,UCAL,1
HEALTHIETF,3626,HEALTHIETF,1
FINEORG,3744,FINEORG,1
PARASPETRO,3972,PARASPETRO,1
SUNDRMBRAK,4179,SUNDRMBRAK,1
KHADIM,425,KHADIM,1
WENDT,4235,WENDT,1
SHRIRAMFIN,4306,SHRIRAMFIN,1
BHEL,438,BHEL,1
SENSEXIETF,4378,SENSEXIETF,1
GULFOILLUB,4391,GULFOILLUB,1
MIRZAINT,4394,MIRZAINT,1
MPHASIS,4503,MPHASIS,1
OSWALGREEN,471,OSWALGREEN,1
BANKBARODA,4668,BANKBARODA,1
BANKINDIA,4745,BANKINDIA,1
BIRLACORPN,480,BIRLACORPN,1
INDRAMEDCO,4751,INDRAMEDCO,1
KCPSUGIND,4809,KCPSUGIND,1
SNOWMAN,4843,SNOWMAN,1
BOMDYEING,513,BOMDYEING,1
INDUSINDBK,5258,INDUSINDBK,1
KRSNAA,5359,KRSNAA,1
AAVAS,5385,AAVAS,1
MOL,5394,MOL,1
RTNPOWER,17520,RTNPOWER,1
SUNTECK,17641,SUNTECK,1
MIDSELIETF,17702,MIDSELIETF,1
DEN,17722,DEN,1
REDTAPE,17859,REDTAPE,1
KCP,1841,KCP,1
LTTS,18564,LTTS,1
SAMHI,18614,SAMHI,1
YATRA,18760,YATRA,1
PNBHOUSING,18908,PNBHOUSING,1
CUMMINSIND,1901,CUMMINSIND,1
HEADSUP,19205,HEADSUP,1
VALIANTLAB,19218,VALIANTLAB,1
LIQUIDETF,1927,LIQUIDETF,1
IRMENERGY,19597,IRMENERGY,1
MAXESTATES,19646,MAXESTATES,1
JITFINFRA,19691,JITFINFRA,1
HONASA,19813,HONASA,1
AMNPLST,19867,AMNPLST,1
AHLADA,2004,AHLADA,1
INTENTECH,20071,INTENTECH,1
TASTYBITE,20092,TASTYBITE,1
RAMKY,20134,RAMKY,1
TATATECH,20293,TATATECH,1
AXISGOLD,20532,AXISGOLD,1
SCHAND,20698,SCHAND,1
JYOTICNC,21334,JYOTICNC,1
SALASAR,21362,SALASAR,1
COCHINSHIP,21508,COCHINSHIP,1
MEDIASSIST,21705,MEDIASSIST,1
ALPL30IETF,22344,ALPL30IETF,1
HDFCNIFBAN,22433,HDFCNIFBAN,1
EPACK,22463,EPACK,1
NOVAAGRI,22477,NOVAAGRI,1
PARKHOTELS,22649,PARKHOTELS,1
MOTOGENFIN,2268,MOTOGENFIN,1
SRM,23402,SRM,1
JNKINDIA,23621,JNKINDIA,1
FILATFASH,23647,FILATFASH,1
BSLGOLDETF,23804,BSLGOLDETF,1
SANDHAR,2397,SANDHAR,1
BOROSCI,24014,BOROSCI,1
IVZINNIFTY,24217,IVZINNIFTY,1
RELIABLE,24378,RELIABLE,1
EMCURE,24398,EMCURE,1
ABGSEC,24404,ABGSEC,1
AGIIL,24445,AGIIL,1
EVINDIA,24461,EVINDIA,1
SANSTAR,24582,SANSTAR,1
RPEL,24735,RPEL,1
OSWALAGRO,2514,OSWALAGRO,1
APLLTD,25328,APLLTD,1
DIFFNKG,25672,DIFFNKG,1
POLYMED,25718,POLYMED,1
VIKASECO,25756,VIKASECO,1
AFFORDABLE,25855,AFFORDABLE,1
WAAREEENER,25907,WAAREEENER,1
SEAMECLTD,2616,SEAMECLTD,1
DIVOPPBEES,2636,DIVOPPBEES,1
PIDILITIND,2664,PIDILITIND,1
SAGILITY,27052,SAGILITY,1
ACMESOLAR,27061,ACMESOLAR,1
SURAKSHA,27334,SURAKSHA,1
EASEMYTRIP,2792,EASEMYTRIP,1
MOBIKWIK,28046,MOBIKWIK,1
RANASUG,2837,RANASUG,1
HITECH,2868,HITECH,1
DUCON,28952,DUCON,1
ONESOURCE,29224,ONESOURCE,1
VMART,29284,VMART,1
MCLOUD,29482,MCLOUD,1
QPOWER,29711,QPOWER,1
PRABHA,30134,PRABHA,1
SESHAPAPER,3066,SESHAPAPER,1
RHIM,31163,RHIM,1
NITIRAJ,3247,NITIRAJ,1
AGARIND,3389,AGARIND,1
TIRUMALCHM,3496,TIRUMALCHM,1
ADANIGREEN,3563,ADANIGREEN,1
MOKSH,3586,MOKSH,1
SINTERCOM,381,SINTERCOM,1
VIPIND,3703,VIPIND,1
GLOBE,393,GLOBE,1
CAPLIPOINT,3906,CAPLIPOINT,1
PREMIERPOL,3908,PREMIERPOL,1
BEPL,419,BEPL,1
PANACEABIO,4055,PANACEABIO,1
IFGLEXPOR,436,IFGLEXPOR,1
JCHAC,4491,JCHAC,1
RAMCOIND,4587,RAMCOIND,1
DODLA,4822,DODLA,1
ICICIBANK,4963,ICICIBANK,1
SHARDACROP,4992,SHARDACROP,1
MAZDOCK,509,MAZDOCK,1
GRINFRA,5054,GRINFRA,1
TATVA,5162,TATVA,1
BPL,530,BPL,1
BRITANNIA,547,BRITANNIA,1
SERVOTECH,5507,SERVOTECH,1
ABSLAMC,6018,ABSLAMC,1
CHAMBLFERT,637,CHAMBLFERT,1
TECH,6462,TECH,1
FINOPB,6579,FINOPB,1
DMCC,6973,DMCC,1
MICEL,7169,MICEL,1
JETFREIGHT,7211,JETFREIGHT,1
SETFNN50,7353,SETFNN50,1
SBIETFIT,740,SBIETFIT,1
RAJESHEXPO,7401,RAJESHEXPO,1
MIDQ50ADD,7456,MIDQ50ADD,1
ABLBL,756843,ABLBL,1
MOALPHA50,757669,MOALPHA50,1
ANTHEM,757885,ANTHEM,1
BORANA,757919,BORANA,1
QUALITY30,757946,QUALITY30,1
CGPOWER,760,CGPOWER,1
WEL,7835,WEL,1
BIL,7848,BIL,1
AUTOBEES,7880,AUTOBEES,1
ZYDUSLIFE,7929,ZYDUSLIFE,1
AVANTIFEED,7936,AVANTIFEED,1
SPENCERS,8163,SPENCERS,1
MUKTAARTS,8687,MUKTAARTS,1
DRREDDY,881,DRREDDY,1
SHAILY,8727,SHAILY,1
GAEL,8828,GAEL,1
USHAMART,8840,USHAMART,1
ELECTCAST,928,ELECTCAST,1
IOB,9348,IOB,1
PNCINFRA,9385,PNCINFRA,1
LICI,9480,LICI,1
ESABINDIA,955,ESABINDIA,1
MEDICO,9667,MEDICO,1
EMUDHRA,9756,EMUDHRA,1
SMARTLINK,9889,SMARTLINK,1
AXITA,9902,AXITA,1
YUKEN,5501,YUKEN,1
LIKHITHA,578,LIKHITHA,1
CARBORUNIV,595,CARBORUNIV,1
PARAS,5911,PARAS,1
BSLSENETFG,5957,BSLSENETFG,1
LICNETFGSC,6062,LICNETFGSC,1
BHAGCHEM,6164,BHAGCHEM,1
FCL,6198,FCL,1
GULPOLY,6286,GULPOLY,1
SIGACHI,6663,SIGACHI,1
MOLDTKPAC,6713,MOLDTKPAC,1
SBC,6792,SBC,1
VISHNU,6908,VISHNU,1
GANECOS,6944,GANECOS,1
MAPMYINDIA,7227,MAPMYINDIA,1
UDAICEMENT,7276,UDAICEMENT,1
SUPRIYA,7390,SUPRIYA,1
TREJHARA,7518,TREJHARA,1
CIFL,756015,CIFL,1
ENRIN,756871,ENRIN,1
MONEXT50,757167,MONEXT50,1
TRAVELFOOD,757545,TRAVELFOOD,1
ARISINFRA,757614,ARISINFRA,1
PICCADIL,757754,PICCADIL,1
PASHUPATI,757955,PASHUPATI,1
SMARTWORKS,757965,SMARTWORKS,1
ELLEN,758563,ELLEN,1
BCONCEPTS,7780,BCONCEPTS,1
SILVER,8003,SILVER,1
KTKBANK,8054,KTKBANK,1
GSEC5IETF,8342,GSEC5IETF,1
TVSMOTOR,8479,TVSMOTOR,1
AKSHOPTFBR,8591,AKSHOPTFBR,1
ELDEHSG,8953,ELDEHSG,1
HARIOMPIPE,8968,HARIOMPIPE,1
EQUITASBNK,913,EQUITASBNK,1
ARVINDFASN,9111,ARVINDFASN,1
TAJGVK,9354,TAJGVK,1
MSTCLTD,9356,MSTCLTD,1
DPABHUSHAN,936,DPABHUSHAN,1
METROPOLIS,9581,METROPOLIS,1
DELHIVERY,9599,DELHIVERY,1
RELCHEMQ,9652,RELCHEMQ,1
HAVELLS,9819,HAVELLS,1
WEWIN,9862,WEWIN,1
CHEVIOT,9879,CHEVIOT,1
ALANKIT,9921,ALANKIT,1
J&KBANK,5633,J&KBANK,1
LAGNAM,5865,LAGNAM,1
AIROLAM,6068,AIROLAM,1
MEDICAMEQ,6278,MEDICAMEQ,1
SONATSOFTW,6596,SONATSOFTW,1
POLICYBZR,6656,POLICYBZR,1
LATENTVIEW,6818,LATENTVIEW,1
CHOLAFIN,685,CHOLAFIN,1
RPPL,6913,RPPL,1
TARSONS,6943,TARSONS,1
DICIND,703,DICIND,1
SHRADHA,708,SHRADHA,1
HEUBACHIND,715,HEUBACHIND,1
HCLTECH,7229,HCLTECH,1
ALPHA,7412,ALPHA,1
WOCKPHARMA,7506,WOCKPHARMA,1
PROSTARM,758173,PROSTARM,1
AUTOIETF,7844,AUTOIETF,1
MIDCAP,8077,MIDCAP,1
FIBERWEB,8159,FIBERWEB,1
DCW,817,DCW,1
MOMOMENTUM,8182,MOMOMENTUM,1
ASTRON,874,ASTRON,1
EIHOTEL,919,EIHOTEL,1
PGHL,940,PGHL,1
RITCO,8944,RITCO,1
AGROPHOS,9046,AGROPHOS,1
POLYCAB,9590,POLYCAB,1
ETHOSLTD,9750,ETHOSLTD,1
EPL,981,EPL,1
GRSE,5475,GRSE,1
VIJAYA,5585,VIJAYA,1
GANESHBE,5614,GANESHBE,1
AXISCETF,5732,AXISCETF,1
CYIENT,5748,CYIENT,1
MASPTOP50,5782,MASPTOP50,1
BANKNIFTY1,5851,BANKNIFTY1,1
AXISBANK,5900,AXISBANK,1
SOUTHBANK,5948,SOUTHBANK,1
CESC,628,CESC,1
HEALTHY,6297,HEALTHY,1
DNAMEDIA,641,DNAMEDIA,1
APOLSINHOT,6302,APOLSINHOT,1
GRPLTD,6543,GRPLTD,1
STARHEALTH,7083,STARHEALTH,1
TEGA,7105,TEGA,1
BBETF0432,7196,BBETF0432,1
SHRIRAMPPS,7200,SHRIRAMPPS,1
ABSLNN50ET,7339,ABSLNN50ET,1
DATAPATTNS,7358,DATAPATTNS,1
STAR,7374,STAR,1
MANAKCOAT,7413,MANAKCOAT,1
COSMOFIRST,742,COSMOFIRST,1
UNITEDPOLY,7560,UNITEDPOLY,1
NPST,756324,NPST,1
THELEELA,757014,THELEELA,1
RAJOOENG,757049,RAJOOENG,1
AONENIFTY,757096,AONENIFTY,1
EQUAL50,757142,EQUAL50,1
SCODATUBES,757478,SCODATUBES,1
GROWWLOVOL,758300,GROWWLOVOL,1
INTERNET,758595,INTERNET,1
SHREERAMA,7627,SHREERAMA,1
DALMIASUG,781,DALMIASUG,1
ALEMBICLTD,79,ALEMBICLTD,1
GEPIL,7862,GEPIL,1
MANYAVAR,8167,MANYAVAR,1
BLUESTARCO,8311,BLUESTARCO,1
LOWVOL1,8632,LOWVOL1,1
VRLLOG,8696,VRLLOG,1
PNBGILTS,8736,PNBGILTS,1
TNIDETF,8882,TNIDETF,1
ANUP,9014,ANUP,1
RVNL,9552,RVNL,1
ESCORTS,958,ESCORTS,1
NEOGEN,9917,NEOGEN,1
SETFNIF50,10176,SETFNIF50,1
NGLFINE,10277,NGLFINE,1
POWERMECH,10473,POWERMECH,1
UTINIFTETF,10511,UTINIFTETF,1
MNC,10676,MNC,1
FOSECOIND,1073,FOSECOIND,1
UNIONBANK,10753,UNIONBANK,1
NUCLEUS,10791,NUCLEUS,1
DBOL,10893,DBOL,1
MARUTI,10999,MARUTI,1
BANKIETF,11037,BANKIETF,1
LIBAS,11082,LIBAS,1
BAGFILMS,11226,BAGFILMS,1
HDFCGROWTH,11241,HDFCGROWTH,1
UNIENTER,11293,UNIENTER,1
PVTBANIETF,11386,PVTBANIETF,1
CENTEXT,11511,CENTEXT,1
TCS,11536,TCS,1
HDFCLOWVOL,11547,HDFCLOWVOL,1
LINCOLN,11596,LINCOLN,1
NTPC,11630,NTPC,1
JKPAPER,11860,JKPAPER,1
ICIL,11987,ICIL,1
FCSSOFT,11999,FCSSOFT,1
AEROENTER,12015,AEROENTER,1
SCPL,12072,SCPL,1
GSFC,1247,GSFC,1
SWSOLAR,12489,SWSOLAR,1
DJML,12749,DJML,1
GFLLIMITED,1289,GFLLIMITED,1
ABB,13,ABB,1
UNIPARTS,13057,UNIPARTS,1
QUICKHEAL,13116,QUICKHEAL,1
BALPHARMA,13441,BALPHARMA,1
KAMDHENU,13457,KAMDHENU,1
NECCLTD,13522,NECCLTD,1
VOLTAMP,13577,VOLTAMP,1
ANDHRSUGAR,136,ANDHRSUGAR,1
TALBROAUTO,13648,TALBROAUTO,1
GLOBALVECT,13735,GLOBALVECT,1
ORIENTBELL,14278,ORIENTBELL,1
GANESHHOUC,14339,GANESHHOUC,1
IDEA,14366,IDEA,1
POCL,14385,POCL,1
PHOENIXLTD,14552,PHOENIXLTD,1
AROGRANITE,14557,AROGRANITE,1
TIMETECHNO,14707,TIMETECHNO,1
AXSENSEX,14742,AXSENSEX,1
NELCAST,14761,NELCAST,1
TARMAT,14771,TARMAT,1
131NSETEST,14778,131NSETEST,1
USK,14871,USK,1
CIEINDIA,14937,CIEINDIA,1
INDOWIND,14952,INDOWIND,1
CSBBANK,14966,CSBBANK,1
RELIGARE,15068,RELIGARE,1
SILVERETF,15085,SILVERETF,1
INDIACEM,1515,INDIACEM,1
MANAKSIA,15199,MANAKSIA,1
VIRINCHI,15295,VIRINCHI,1
EIHAHOTELS,15399,EIHAHOTELS,1
HCG,15555,HCG,1
IPCALAB,1633,IPCALAB,1
RPGLIFE,16725,RPGLIFE,1
TOUCHWOOD,16908,TOUCHWOOD,1
ASHOKAMET,16943,ASHOKAMET,1
ARMANFIN,17263,ARMANFIN,1
RAMASTEEL,10300,RAMASTEEL,1
LUPIN,10440,LUPIN,1
NAVKARCORP,10557,NAVKARCORP,1
CANBK,10794,CANBK,1
GODREJIND,10925,GODREJIND,1
RADAAN,10932,RADAAN,1
SATIA,11045,SATIA,1
CREATIVE,11155,CREATIVE,1
COFFEEDAY,11165,COFFEEDAY,1
INDIGO,11195,INDIGO,1
JSL,11236,JSL,1
GICHSGFIN,1139,GICHSGFIN,1
GIPCL,1145,GIPCL,1
DCI,11566,DCI,1
BOHRAIND,11640,BOHRAIND,1
GMBREW,1168,GMBREW,1
SUPRAJIT,11689,SUPRAJIT,1
JBMA,11655,JBMA,1
GOKEX,11778,GOKEX,1
SAKSOFT,11794,SAKSOFT,1
SHOPERSTOP,11813,SHOPERSTOP,1
MANGALAM,11817,MANGALAM,1
WELCORP,11821,WELCORP,1
CYBERMEDIA,11842,CYBERMEDIA,1
VHL,11892,VHL,1
YESBANK,11915,YESBANK,1
MCLEODRUSS,11943,MCLEODRUSS,1
ESG,1200,ESG,1
MEDANTA,11956,MEDANTA,1
BBTCL,12153,BBTCL,1
PRECAM,12603,PRECAM,1
MBAPL,12686,MBAPL,1
G1NSETEST,12842,G1NSETEST,1
SARVESHWAR,12913,SARVESHWAR,1
NPBET,12978,NPBET,1
AIAENG,13086,AIAENG,1
ENIL,13192,ENIL,1
LANDMARK,13276,LANDMARK,1
SDBL,1338,SDBL,1
BHAGERIA,13400,BHAGERIA,1
RATNAMANI,13451,RATNAMANI,1
MUNJALAU,13511,MUNJALAU,1
HIMATSEIDE,1360,HIMATSEIDE,1
ELECON,13643,ELECON,1
FIEMIND,13710,FIEMIND,1
JHS,13720,JHS,1
SANGHVIMOV,14058,SANGHVIMOV,1
GANDHITUBE,14116,GANDHITUBE,1
HINDZINC,1424,HINDZINC,1
GOLDETF,14286,GOLDETF,1
AMDIND,14398,AMDIND,1
SANOFI,1442,SANOFI,1
BFUTILITIE,14567,BFUTILITIE,1
GOACARBON,14687,GOACARBON,1
LOWVOL,14786,LOWVOL,1
061NSETEST,14762,061NSETEST,1
ADSL,14813,ADSL,1
SAHYADRI,14900,SAHYADRI,1
KDDL,14908,KDDL,1
MAGNUM,14957,MAGNUM,1
SHIVAMILLS,1497,SHIVAMILLS,1
POWERGRID,14977,POWERGRID,1
CERA,15039,CERA,1
AVALON,15058,AVALON,1
PSUBANK,15061,PSUBANK,1
INDHOTEL,1512,INDHOTEL,1
RAIN,15337,RAIN,1
APOLLOHOSP,157,APOLLOHOSP,1
SHALPAINTS,15342,SHALPAINTS,1
NESCO,15409,NESCO,1
LATTEYS,15840,LATTEYS,1
BHARATWIRE,16123,BHARATWIRE,1
TATAINVEST,1621,TATAINVEST,1
ANIKINDS,16657,ANIKINDS,1
BAJAJFINSV,16675,BAJAJFINSV,1
PTCIL,16682,PTCIL,1
ITI,1675,ITI,1
IVP,1681,IVP,1
SINDHUTRAD,16859,SINDHUTRAD,1
HMAAGRO,17053,HMAAGRO,1
ARE&M,100,ARE&M,1
AARON,1030,AARON,1
RADHIKAJWE,10343,RADHIKAJWE,1
AXISBNKETF,1044,AXISBNKETF,1
JISLJALEQS,10397,JISLJALEQS,1
ARVSMART,10457,ARVSMART,1
MOHEALTH,10508,MOHEALTH,1
MPSLTD,10578,MPSLTD,1
MARKSANS,10579,MARKSANS,1
GRMOVER,10871,GRMOVER,1
INFOBEAN,11027,INFOBEAN,1
JAIBALAJI,11256,JAIBALAJI,1
LICNETFSEN,11441,LICNETFSEN,1
NIITLTD,11522,NIITLTD,1
HDFCNIFTY,11591,HDFCNIFTY,1
INDSWFTLTD,11602,INDSWFTLTD,1
NEWGEN,1164,NEWGEN,1
ASTRAMICRO,11618,ASTRAMICRO,1
KOTARISUG,11647,KOTARISUG,1
CONSOFINVT,11731,CONSOFINVT,1
SUKHJITS,11804,SUKHJITS,1
SHAHALLOYS,11856,SHAHALLOYS,1
KANSAINER,1196,KANSAINER,1
ACI,12024,ACI,1
BASML,12034,BASML,1
CASTROLIND,1250,CASTROLIND,1
TEAMLEASE,12716,TEAMLEASE,1
NITINSPIN,13175,NITINSPIN,1
COMMOIETF,13198,COMMOIETF,1
KEC,13260,KEC,1
BLKASHYAP,13290,BLKASHYAP,1
NITCO,13300,NITCO,1
HDFCBANK,1333,HDFCBANK,1
SOLARINDS,13332,SOLARINDS,1
RADIANTCMS,13580,RADIANTCMS,1
IRCTC,13611,IRCTC,1
HINDCOMPOS,1372,HINDCOMPOS,1
GREENPANEL,13810,GREENPANEL,1
RUCHIRA,13821,RUCHIRA,1
JINDRILL,13875,JINDRILL,1
PRAENG,13941,PRAENG,1
ABSLBANETF,13987,ABSLBANETF,1
ZEEMEDIA,14003,ZEEMEDIA,1
HINDOILEXP,1403,HINDOILEXP,1
SAGCEM,14068,SAGCEM,1
PTL,14101,PTL,1
PFC,14299,PFC,1
APOLLOPIPE,14361,APOLLOPIPE,1
BALAMINES,14501,BALAMINES,1
PSUBNKIETF,14584,PSUBNKIETF,1
WEBELSOLAR,14602,WEBELSOLAR,1
101NSETEST,14772,101NSETEST,1
111NSETEST,14774,111NSETEST,1
OMAXE,14853,OMAXE,1
KPRMILL,14912,KPRMILL,1
GSEC10YEAR,14938,GSEC10YEAR,1
KSCL,14972,KSCL,1
DELTACORP,15044,DELTACORP,1
RGL,15129,RGL,1
KAUSHALYA,15136,KAUSHALYA,1
KALYANIFRG,15156,KALYANIFRG,1
KIRLPNU,15180,KIRLPNU,1
AMBIKCO,15234,AMBIKCO,1
HITECHCORP,15161,HITECHCORP,1
DHANI,15384,DHANI,1
RACE,15391,RACE,1
APCOTEXIND,154,APCOTEXIND,1
DPSCLTD,15419,DPSCLTD,1
GILLETTE,1576,GILLETTE,1
ITC,1660,ITC,1
UBL,16713,UBL,1
IONEXCHANG,1630,IONEXCHANG,1
PATANJALI,17029,PATANJALI,1
JAYBARMARU,1708,JAYBARMARU,1
ASPINWALL,17270,ASPINWALL,1
GODREJCP,10099,GODREJCP,1
BALKRISHNA,10181,BALKRISHNA,1
GUJGASLTD,10599,GUJGASLTD,1
BHARTIARTL,10604,BHARTIARTL,1
HDFCNEXT50,10619,HDFCNEXT50,1
HDFCNIF100,10633,HDFCNIF100,1
PNB,10666,PNB,1
NIFTYQLITY,10690,NIFTYQLITY,1
SURANAT&P,10700,SURANAT&P,1
INFRAIETF,10723,INFRAIETF,1
MOVALUE,10825,MOVALUE,1
GARFIBRES,1100,GARFIBRES,1
DIVISLAB,10940,DIVISLAB,1
DCMNVL,11039,DCMNVL,1
NSIL,11239,NSIL,1
HDFCQUAL,11255,HDFCQUAL,1
IGL,11262,IGL,1
GHCL,1127,GHCL,1
AFFLE,11343,AFFLE,1
PETRONET,11351,PETRONET,1
PTC,11355,PTC,1
VAIBHAVGBL,11364,VAIBHAVGBL,1
AMBICAAGAR,11496,AMBICAAGAR,1
COFORGE,11543,COFORGE,1
SALSTEEL,11634,SALSTEEL,1
LALPATHLAB,11654,LALPATHLAB,1
XCHANGING,11705,XCHANGING,1
GNFC,1174,GNFC,1
JSWSTEEL,11723,JSWSTEEL,1
ALLDIGI,11798,ALLDIGI,1
GLAND,1186,GLAND,1
SURYALAXMI,11852,SURYALAXMI,1
GEOJITFSL,11896,GEOJITFSL,1
MSPL,11919,MSPL,1
AURIONPRO,12022,AURIONPRO,1
RENUKA,12026,RENUKA,1
KAYNES,12092,KAYNES,1
FINIETF,12578,FINIETF,1
N1NSETEST,12848,N1NSETEST,1
SAFARI,13035,SAFARI,1
360ONE,13061,360ONE,1
SILVER1,13082,SILVER1,1
PVRINOX,13147,PVRINOX,1
CELEBRITY,13162,CELEBRITY,1
KKCL,13381,KKCL,1
ALLCARGO,13501,ALLCARGO,1
GRINDWELL,13560,GRINDWELL,1
ATLANTAA,13585,ATLANTAA,1
ACE,13587,ACE,1
DCBBANK,13725,DCBBANK,1
NAUKRI,13751,NAUKRI,1
BANCOINDIA,13880,BANCOINDIA,1
HIRECT,13890,HIRECT,1
NFL,13925,NFL,1
TANLA,13976,TANLA,1
AGI,1412,AGI,1
AUTOIND,14106,AUTOIND,1
PITTIENG,14134,PITTIENG,1
UNOMINDA,14154,UNOMINDA,1
REDINGTON,14255,REDINGTON,1
EMBDL,14450,EMBDL,1
FORTIS,14592,FORTIS,1
GUJAPOLLO,14677,GUJAPOLLO,1
ADVANIHOTR,14745,ADVANIHOTR,1
051NSETEST,14758,051NSETEST,1
IDBI,1476,IDBI,1
151NSETEST,14782,151NSETEST,1
VIPCLOTHNG,14843,VIPCLOTHNG,1
ALPA,14848,ALPA,1
IFCI,1491,IFCI,1
MOTILALOFS,14947,MOTILALOFS,1
BRIGADE,15184,BRIGADE,1
UJJIVANSFB,15228,UJJIVANSFB,1
LICNFNHGP,15229,LICNFNHGP,1
ONMOBILE,15278,ONMOBILE,1
CORDSCABLE,15271,CORDSCABLE,1
MANKIND,15380,MANKIND,1
TITAGARH,15414,TITAGARH,1
TARC,1581,TARC,1
LINDEINDIA,1627,LINDEINDIA,1
ALMONDZ,16719,ALMONDZ,1
DPWIRES,16900,DPWIRES,1
20MICRONS,16921,20MICRONS,1
SHARIABEES,17044,SHARIABEES,1
MIDCAPIETF,17152,MIDCAPIETF,1
NEXT50,17181,NEXT50,1
SHRIPISTON,17186,SHRIPISTON,1
NAGAFERT,17295,NAGAFERT,1
LLOYDSME,17313,LLOYDSME,1
MANORAMA,10227,MANORAMA,1
FINPIPE,1041,FINPIPE,1
MUTHOOTCAP,10415,MUTHOOTCAP,1
SATIN,10453,SATIN,1
SHARDAMOTR,10530,SHARDAMOTR,1
MOM30IETF,10585,MOM30IETF,1
SHREEPUSHK,10588,SHREEPUSHK,1
OLECTRA,10637,OLECTRA,1
PONNIERODE,10661,PONNIERODE,1
INDIAMART,10726,INDIAMART,1
ZENSARTECH,1076,ZENSARTECH,1
TMB,10945,TMB,1
SHRENIK,11149,SHRENIK,1
APOLLO,1134,APOLLO,1
SIL,11297,SIL,1
LICNETFN50,11319,LICNETFN50,1
XPROINDIA,11407,XPROINDIA,1
SPANDANA,11435,SPANDANA,1
LT,11483,LT,1
TRACXN,11582,TRACXN,1
GUFICBIO,11606,GUFICBIO,1
GTL,1162,GTL,1
PATELENG,11699,PATELENG,1
GOYALALUM,11787,GOYALALUM,1
NH,11840,NH,1
GRANULES,11872,GRANULES,1
MANINDS,11884,MANINDS,1
SASKEN,11983,SASKEN,1
IMPAL,12009,IMPAL,1
HDFCNIFIT,12101,HDFCNIFIT,1
GRASIM,1232,GRASIM,1
GREAVESCOT,1235,GREAVESCOT,1
GUJALKALI,1267,GUJALKALI,1
11NSETEST,12841,11NSETEST,1
ORIENTCER,13111,ORIENTCER,1
GSPL,13197,GSPL,1
JKCEMENT,13270,JKCEMENT,1
KFINTECH,13359,KFINTECH,1
PIONEEREMB,13463,PIONEEREMB,1
SELAN,13598,SELAN,1
BANKETFADD,13644,BANKETFADD,1
ACLGATI,13688,ACLGATI,1
SIYSIL,14096,SIYSIL,1
TIIL,14223,TIIL,1
HDFCMID150,14236,HDFCMID150,1
JKTYRE,14435,JKTYRE,1
DLF,14732,DLF,1
041NSETEST,14755,041NSETEST,1
161NSETEST,14784,161NSETEST,1
SPARC,14788,SPARC,1
IFBIND,1485,IFBIND,1
CENTRALBK,14894,CENTRALBK,1
ADANIPORTS,15083,ADANIPORTS,1
KOLTEPATIL,15124,KOLTEPATIL,1
JYOTHYLAB,15146,JYOTHYLAB,1
ARIES,15204,ARIES,1
CEATLTD,15254,CEATLTD,1
RVHL,1565,RVHL,1
MGEL,1593,MGEL,1
HINDWAREAP,15883,HINDWAREAP,1
INGERRAND,1597,INGERRAND,1
PAVNAIND,16192,PAVNAIND,1
APOLLOTYRE,163,APOLLOTYRE,1
EBBETF0430,16253,EBBETF0430,1
MMP,16395,MMP,1
GOKUL,16705,GOKUL,1
ARCHIDPLY,16795,ARCHIDPLY,1
LOTUSEYE,16807,LOTUSEYE,1
ALKALI,16959,ALKALI,1
SUMICHEM,17105,SUMICHEM,1
PARAGMILK,17130,PARAGMILK,1
EXCEL,17376,EXCEL,1
SALONA,17351,SALONA,1
UTKARSHBNK,17358,UTKARSHBNK,1
BANKETF,17419,BANKETF,1
VINATIORGA,17364,VINATIORGA,1
SETF10GILT,17395,SETF10GILT,1
NETWEB,17433,NETWEB,1
NV20IETF,17475,NV20IETF,1
LTGILTBEES,17700,LTGILTBEES,1
ASTEC,17728,ASTEC,1
SARDAEN,17758,SARDAEN,1
QUAL30IETF,17808,QUAL30IETF,1
NESTLEIND,17963,NESTLEIND,1
TRF,17987,TRF,1
ADVENZYMES,18039,ADVENZYMES,1
CONCORDBIO,18060,CONCORDBIO,1
JUBLFOOD,18096,JUBLFOOD,1
IVZINGOLD,18292,IVZINGOLD,1
VPRPL,18341,VPRPL,1
RBLBANK,18391,RBLBANK,1
POWERINDIA,18457,POWERINDIA,1
IDFNIFTYET,18783,IDFNIFTYET,1
VERTOZ,18863,VERTOZ,1
KAPSTON,18967,KAPSTON,1
MANAPPURAM,19061,MANAPPURAM,1
KIOCL,19126,KIOCL,1
ARVIND,193,ARVIND,1
BLISSGVS,19265,BLISSGVS,1
HISARMETAL,19322,HISARMETAL,1
LIQUIDSBI,19705,LIQUIDSBI,1
LGHL,19876,LGHL,1
ASHOKA,20182,ASHOKA,1
LYKALABS,2028,LYKALABS,1
FEDFINA,20322,FEDFINA,1
WIPL,20481,WIPL,1
PRUDMOULI,20527,PRUDMOULI,1
SUPERHOUSE,20616,SUPERHOUSE,1
PENIND,20621,PENIND,1
HAPPYFORGE,20854,HAPPYFORGE,1
SUMMITSEC,21275,SUMMITSEC,1
PALASHSECU,21383,PALASHSECU,1
MAGADSUGAR,21392,MAGADSUGAR,1
THEINVEST,21427,THEINVEST,1
APEX,21623,APEX,1
BRNL,21683,BRNL,1
AKG,2176,AKG,1
ACC,22,ACC,1
DHUNINV,22233,DHUNINV,1
WORTH,22277,WORTH,1
MOREPENLAB,2259,MOREPENLAB,1
SIGNPOST,22656,SIGNPOST,1
ENTERO,22717,ENTERO,1
MON100,22739,MON100,1
GOPAL,23066,GOPAL,1
JAYNECOIND,2331,JAYNECOIND,1
TARACHAND,23512,TARACHAND,1
TOP100CASE,24081,TOP100CASE,1
RELAXO,24225,RELAXO,1
STANLEY,24226,STANLEY,1
LIQUIDSHRI,24374,LIQUIDSHRI,1
RUSHIL,24595,RUSHIL,1
BSLNIFTY,24781,BSLNIFTY,1
UNIECOM,24809,UNIECOM,1
FIRSTCRY,24814,FIRSTCRY,1
ORIENTPPR,2496,ORIENTPPR,1
WINDMACHIN,24969,WINDMACHIN,1
MULTICAP,25080,MULTICAP,1
GALAPREC,25134,GALAPREC,1
TOP10ADD,25171,TOP10ADD,1
SANOFICONR,25222,SANOFICONR,1
GROWWLIQID,25447,GROWWLIQID,1
TRITURBINE,25584,TRITURBINE,1
3PLAND,2595,3PLAND,1
VSSL,27067,VSSL,1
BUTTERFLY,2716,BUTTERFLY,1
AUROPHARMA,275,AUROPHARMA,1
INNOVANA,27754,INNOVANA,1
RAYMOND,2859,RAYMOND,1
SANATHAN,28805,SANATHAN,1
CONSUMER,28969,CONSUMER,1
INDOFARM,29025,INDOFARM,1
STALLION,29204,STALLION,1
MOHITIND,29423,MOHITIND,1
MOSCHIP,29459,MOSCHIP,1
NATCAPSUQ,29583,NATCAPSUQ,1
MSCIINDIA,29758,MSCIINDIA,1
BAJAJHIND,308,BAJAJHIND,1
MCX,31181,MCX,1
SMLISUZU,3387,SMLISUZU,1
TATACONSUM,3432,TATACONSUM,1
TATAMOTORS,3456,TATAMOTORS,1
TFCILTD,3466,TFCILTD,1
VSTIND,3724,VSTIND,1
VENKEYS,3757,VENKEYS,1
WILLAMAGOR,3772,WILLAMAGOR,1
WIPRO,3787,WIPRO,1
TOKYOPLAST,3837,TOKYOPLAST,1
SOMANYCERA,3880,SOMANYCERA,1
21STCENMGM,4,21STCENMGM,1
NIACL,399,NIACL,1
TNPL,3980,TNPL,1
SBCL,4656,SBCL,1
SONACOMS,4684,SONACOMS,1
SHYAMMETL,4693,SHYAMMETL,1
LIQUIDIETF,4838,LIQUIDIETF,1
IPL,4934,IPL,1
ADROITINFO,4953,ADROITINFO,1
SGIL,5114,SGIL,1
ANTGRAPHIC,5194,ANTGRAPHIC,1
ALIVUS,5265,ALIVUS,1
NGIL,5401,NGIL,1
DAMODARIND,17541,DAMODARIND,1
NIITMTS,17747,NIITMTS,1
SOMICONVEY,17794,SOMICONVEY,1
AWHCL,1797,AWHCL,1
BAYERCROP,17927,BAYERCROP,1
YASHO,18131,YASHO,1
DOLPHIN,18139,DOLPHIN,1
EMMBI,18142,EMMBI,1
TEXMOPIPES,18214,TEXMOPIPES,1
HNGSNGBEES,18284,HNGSNGBEES,1
NDGL,18371,NDGL,1
ISFT,18479,ISFT,1
KIRLOSBROS,18581,KIRLOSBROS,1
ICICIPRULI,18652,ICICIPRULI,1
HPL,18679,HPL,1
NUVAMA,18721,NUVAMA,1
SJVN,18883,SJVN,1
RAJRATAN,18962,RAJRATAN,1
MVGJL,19015,MVGJL,1
JSWINFRA,19020,JSWINFRA,1
NBIFIN,19111,NBIFIN,1
IMFA,19235,IMFA,1
UGARSUGAR,19578,UGARSUGAR,1
ADFFOODS,19761,ADFFOODS,1
DMART,19913,DMART,1
CPCAP,20086,CPCAP,1
GREENPOWER,20110,GREENPOWER,1
ASKAUTOLTD,20152,ASKAUTOLTD,1
AKSHARCHEM,20178,AKSHARCHEM,1
ASHAPURMIN,203,ASHAPURMIN,1
RESPONIND,20323,RESPONIND,1
DOLLAR,20560,DOLLAR,1
INOXINDIA,20607,INOXINDIA,1
MOIL,20830,MOIL,1
RBZJEWEL,20874,RBZJEWEL,1
PSPPROJECT,20877,PSPPROJECT,1
ERIS,21154,ERIS,1
MFSL,2142,MFSL,1
UTINEXT50,21478,UTINEXT50,1
ABCAPITAL,21614,ABCAPITAL,1
MIRCELECTR,2202,MIRCELECTR,1
EBBETF0431,22239,EBBETF0431,1
NDRAUTO,22255,NDRAUTO,1
LOVABLE,22415,LOVABLE,1
NIF10GETF,22524,NIF10GETF,1
PREMEXPLN,17397,PREMEXPLN,1
GLOBUSSPR,17424,GLOBUSSPR,1
MGL,17534,MGL,1
ALOKINDS,17675,ALOKINDS,1
TREL,17795,TREL,1
DLINKINDIA,17851,DLINKINDIA,1
JSWENERGY,17869,JSWENERGY,1
DBCORP,17881,DBCORP,1
GEEKAYWIRE,17922,GEEKAYWIRE,1
KABRAEXTRU,1805,KABRAEXTRU,1
WHIRLPOOL,18011,WHIRLPOOL,1
MBLINFRA,18029,MBLINFRA,1
SRGHFL,18119,SRGHFL,1
KPIL,1814,KPIL,1
LORDSCHLO,18232,LORDSCHLO,1
RATNAVEER,18423,RATNAVEER,1
CARYSIL,1879,CARYSIL,1
SUNDARAM,18931,SUNDARAM,1
UNIVASTU,18977,UNIVASTU,1
SILLYMONKS,19097,SILLYMONKS,1
UMESLTD,19142,UMESLTD,1
HMVL,19211,HMVL,1
KOTAKBANK,1922,KOTAKBANK,1
ITDC,19299,ITDC,1
AHLEAST,19438,AHLEAST,1
KSB,1949,KSB,1
HDFCGOLD,19543,HDFCGOLD,1
GOLDIETF,19679,GOLDIETF,1
LMW,1979,LMW,1
CELLO,19795,CELLO,1
EGOLD,19933,EGOLD,1
WABAG,20188,WABAG,1
GANDHAR,20303,GANDHAR,1
FLAIR,20372,FLAIR,1
KIRLOSENG,20936,KIRLOSENG,1
AUBANK,21238,AUBANK,1
GANGESSECU,21399,GANGESSECU,1
BOSCHLTD,2181,BOSCHLTD,1
LIQUIDCASE,21750,LIQUIDCASE,1
BANKBETF,21986,BANKBETF,1
JSFB,22663,JSFB,1
MUNJALSHOW,2307,MUNJALSHOW,1
LANCORHOL,23027,LANCORHOL,1
PVSL,23142,PVSL,1
MOREALTY,23184,MOREALTY,1
LIQUIDADD,23407,LIQUIDADD,1
BHARTIHEXA,23489,BHARTIHEXA,1
LIQUIDBETF,23915,LIQUIDBETF,1
NILKAMAL,2421,NILKAMAL,1
VADILALIND,24196,VADILALIND,1
CONSUMBEES,2435,CONSUMBEES,1
ESTER,24265,ESTER,1
ASHIANA,24403,ASHIANA,1
MAITHANALL,24538,MAITHANALL,1
AKUMS,24715,AKUMS,1
ORIENTTECH,24961,ORIENTTECH,1
XTGLOBAL,25235,XTGLOBAL,1
NORTHARC,25426,NORTHARC,1
LICMFGOLD,25640,LICMFGOLD,1
GARUDA,25800,GARUDA,1
HYUNDAI,25844,HYUNDAI,1
AMJLAND,2598,AMJLAND,1
EMULTIMQ,25996,EMULTIMQ,1
PFIZER,2643,PFIZER,1
PCBL,2649,PCBL,1
POLYPLEX,2687,POLYPLEX,1
KMEW,27084,KMEW,1
IKS,28125,IKS,1
VENTIVE,28847,VENTIVE,1
CARRARO,28879,CARRARO,1
SUPREME,29439,SUPREME,1
AGARWALEYE,29452,AGARWALEYE,1
GROWWRAIL,29527,GROWWRAIL,1
NIFTYIETF,29553,NIFTYIETF,1
SAIL,2963,SAIL,1
AONETOTAL,29975,AONETOTAL,1
KOHINOOR,3009,KOHINOOR,1
GOLD360,30105,GOLD360,1
ABFRL,30108,ABFRL,1
SAMMAANCAP,30125,SAMMAANCAP,1
BANDHANBNK,2263,BANDHANBNK,1
SCILAL,23127,SCILAL,1
GODIGIT,23799,GODIGIT,1
KRONOX,24025,KRONOX,1
NEULANDLAB,2406,NEULANDLAB,1
RETAIL,24145,RETAIL,1
DEEDEV,24154,DEEDEV,1
OMINFRAL,24231,OMINFRAL,1
NKIND,2439,NKIND,1
BANSALWIRE,24386,BANSALWIRE,1
CEIGALL,24742,CEIGALL,1
SSDL,24856,SSDL,1
METALIETF,24861,METALIETF,1
BCLIND,2513,BCLIND,1
BALAJEE,25203,BALAJEE,1
PGHH,2535,PGHH,1
INDOUS,25503,INDOUS,1
SHAKTIPUMP,25574,SHAKTIPUMP,1
KRN,25643,KRN,1
VAL30IETF,25851,VAL30IETF,1
CHEMCON,270,CHEMCON,1
TBZ,27037,TBZ,1
SWIGGY,27066,SWIGGY,1
PRAKASH,2708,PRAKASH,1
LIQUIDPLUS,27075,LIQUIDPLUS,1
NIVABUPA,27097,NIVABUPA,1
BLACKBUCK,27144,BLACKBUCK,1
NTPCGREEN,27176,NTPCGREEN,1
EIEL,27213,EIEL,1
PRSMJOHNSN,2739,PRSMJOHNSN,1
RALLIS,2816,RALLIS,1
ANUHPHR,28314,ANUHPHR,1
CRAFTSMAN,2854,CRAFTSMAN,1
IGIL,28378,IGIL,1
MAMATA,28687,MAMATA,1
CEWATER,28764,CEWATER,1
TVSHLTD,29008,TVSHLTD,1
CARERATING,29113,CARERATING,1
PCJEWELLER,29124,PCJEWELLER,1
NEXT30ADD,29464,NEXT30ADD,1
KALYANKJIL,2955,KALYANKJIL,1
SURYODAY,2970,SURYODAY,1
NAZARA,2987,NAZARA,1
VIVIDHA,29877,VIVIDHA,1
ATULAUTO,30023,ATULAUTO,1
NIF100IETF,30392,NIF100IETF,1
SCI,3048,SCI,1
COMPUSOFT,31138,COMPUSOFT,1
BAJFINANCE,317,BAJFINANCE,1
JPOLYINVST,31507,JPOLYINVST,1
LODHA,3220,LODHA,1
JTEKTINDIA,3237,JTEKTINDIA,1
SUDARSCHEM,3327,SUDARSCHEM,1
SUBROS,3324,SUBROS,1
CAMS,342,CAMS,1
SUNFLAG,3348,SUNFLAG,1
TNPETRO,3509,TNPETRO,1
UNICHEMLAB,3579,UNICHEMLAB,1
UNIVCABLES,3607,UNIVCABLES,1
WSTCSTPAPR,3799,WSTCSTPAPR,1
ARIHANTCAP,3813,ARIHANTCAP,1
ZODIACLOTH,3821,ZODIACLOTH,1
CORALFINAC,4007,CORALFINAC,1
INDIANCARD,4422,INDIANCARD,1
KOTHARIPET,4594,KOTHARIPET,1
HERITGFOOD,4598,HERITGFOOD,1
HDFCLIFE,467,HDFCLIFE,1
GAIL,4717,GAIL,1
FDC,4898,FDC,1
SVPGLOB,5020,SVPGLOB,1
ETERNAL,5097,ETERNAL,1
ICICIB22,522,ICICIB22,1
MAHAPEXLTD,5239,MAHAPEXLTD,1
JINDALSAW,3024,JINDALSAW,1
SILVERCASE,30274,SILVERCASE,1
DBSTOCKBRO,31107,DBSTOCKBRO,1
TIINDIA,312,TIINDIA,1
BALKRISIND,335,BALKRISIND,1
SKFINDIA,3186,SKFINDIA,1
SUPERSPIN,3357,SUPERSPIN,1
SUPREMEIND,3363,SUPREMEIND,1
BALRAMCHIN,341,BALRAMCHIN,1
HONAUT,3417,HONAUT,1
JUBLPHARMA,3637,JUBLPHARMA,1
BASF,368,BASF,1
SOLARA,3672,SOLARA,1
RITES,3761,RITES,1
PVP,4010,PVP,1
JAYAGROGN,4041,JAYAGROGN,1
BHARATGEAR,426,BHARATGEAR,1
5PAISA,445,5PAISA,1
CREDITACC,4421,CREDITACC,1
HINDCON,4920,HINDCON,1
CIGNITITEC,5142,CIGNITITEC,1
STYLAMIND,5186,STYLAMIND,1
PDSL,5264,PDSL,1
ROLEXRINGS,5279,ROLEXRINGS,1
ASAHIINDIA,5378,ASAHIINDIA,1
CARTRADE,5407,CARTRADE,1
CONTROLPR,17477,CONTROLPR,1
JINDALPOLY,1756,JINDALPOLY,1
BAFNAPH,17742,BAFNAPH,1
REFEX,17764,REFEX,1
LTIM,17818,LTIM,1
AHLUCONT,17833,AHLUCONT,1
GILLANDERS,17839,GILLANDERS,1
ABBOTINDIA,17903,ABBOTINDIA,1
HINDCOPPER,17939,HINDCOPPER,1
MMTC,17957,MMTC,1
JYOTISTRUC,1802,JYOTISTRUC,1
NIFTY1,18102,NIFTY1,1
JIOFIN,18143,JIOFIN,1
ORIENTLTD,18208,ORIENTLTD,1
KARURVYSYA,1838,KARURVYSYA,1
AEROFLEX,18268,AEROFLEX,1
MITTAL,18562,MITTAL,1
EMSLIMITED,18593,EMSLIMITED,1
ENDURANCE,18822,ENDURANCE,1
KSL,18889,KSL,1
AARVI,19073,AARVI,1
SFL,19184,SFL,1
WEALTH,1923,WEALTH,1
BAJAJCON,19531,BAJAJCON,1
BHANDARI,19556,BHANDARI,1
ALPHAETF,19640,ALPHAETF,1
DEEPAKNTR,19943,DEEPAKNTR,1
UNIDT,201,UNIDT,1
BEDMUTHA,20196,BEDMUTHA,1
URJA,20203,URJA,1
IREDA,20261,IREDA,1
M&M,2031,M&M,1
COALINDIA,20374,COALINDIA,1
IOLCP,20413,IOLCP,1
BBNPPGOLD,20547,BBNPPGOLD,1
INDIASHLTR,20556,INDIASHLTR,1
BHAGYANGR,20776,BHAGYANGR,1
MAHSCOOTER,2085,MAHSCOOTER,1
MUFTI,20878,MUFTI,1
RKDL,20950,RKDL,1
SUNCLAY,20956,SUNCLAY,1
PSB,21001,PSB,1
STARCEMENT,21091,STARCEMENT,1
BFINVEST,21113,BFINVEST,1
TATSILV,21428,TATSILV,1
SMSLIFE,21551,SMSLIFE,1
SBILIFE,21808,SBILIFE,1
TEXRAIL,21828,TEXRAIL,1
DIAMONDYD,21840,DIAMONDYD,1
MCL,22360,MCL,1
MODTHREAD,2241,MODTHREAD,1
MAXIND,22428,MAXIND,1
PENINLAND,2256,PENINLAND,1
PFS,22602,PFS,1
CAPITALSFB,22675,CAPITALSFB,1
VSTL,22730,VSTL,1
HLEGLAS,2289,HLEGLAS,1
PLATIND,22930,PLATIND,1
NCC,2319,NCC,1
SMCGLOBAL,2320,SMCGLOBAL,1
171NSETEST,23446,171NSETEST,1
NURECA,2350,NURECA,1
181NSETEST,23447,181NSETEST,1
SINCLAIR,23480,SINCLAIR,1
ASIANPAINT,236,ASIANPAINT,1
ABSLPSE,23806,ABSLPSE,1
NAVNETEDUL,2385,NAVNETEDUL,1
IXIGO,24067,IXIGO,1
PEL,2412,PEL,1
SYMPHONY,24190,SYMPHONY,1
RAILTEL,2431,RAILTEL,1
ABDL,24308,ABDL,1
NOCIL,2442,NOCIL,1
MIDHANI,2463,MIDHANI,1
AVANTEL,24610,AVANTEL,1
OILCOUNTUB,2472,OILCOUNTUB,1
GSEC10ABSL,24847,GSEC10ABSL,1
ORIENTHOT,2493,ORIENTHOT,1
ADANIENT,25,ADANIENT,1
BODALCHEM,25017,BODALCHEM,1
PREMIERENE,25049,PREMIERENE,1
PAISALO,25468,PAISALO,1
MOMENTUM50,25606,MOMENTUM50,1
HUHTAMAKI,2562,HUHTAMAKI,1
GROWWDEFNC,25758,GROWWDEFNC,1
VINCOFE,25835,VINCOFE,1
GROWWGOLD,25872,GROWWGOLD,1
DBEIL,25892,DBEIL,1
SWANENERGY,27095,SWANENERGY,1
RTNINDIA,27297,RTNINDIA,1
ROSSTECH,27353,ROSSTECH,1
ARVEE,2814,ARVEE,1
VMM,27969,VMM,1
ANURAS,2829,ANURAS,1
LXCHEM,2841,LXCHEM,1
DAMCAPITAL,28662,DAMCAPITAL,1
ZUARI,29050,ZUARI,1
JUBLCPL,29590,JUBLCPL,1
AJAXENGG,29624,AJAXENGG,1
HEXT,29666,HEXT,1
GROWWN200,29872,GROWWN200,1
JUSTDIAL,29962,JUSTDIAL,1
SAURASHCEM,3018,SAURASHCEM,1
SHANTIGEAR,3078,SHANTIGEAR,1
INDOSTAR,3088,INDOSTAR,1
HONDAPOWER,3138,HONDAPOWER,1
MODISONLTD,3316,MODISONLTD,1
BALMLAWRIE,338,BALMLAWRIE,1
SWARAJENG,3384,SWARAJENG,1
BANARBEADS,347,BANARBEADS,1
BANARISUG,350,BANARISUG,1
MAFANG,3507,MAFANG,1
AXISBPSETF,3530,AXISBPSETF,1
NAM-INDIA,357,NAM-INDIA,1
TTKPRESTIG,3546,TTKPRESTIG,1
BATAINDIA,371,BATAINDIA,1
VLSFINANCE,3715,VLSFINANCE,1
ZEEL,3812,ZEEL,1
HATSUN,3892,HATSUN,1
NATCOPHARM,3918,NATCOPHARM,1
EIMCOELECO,4040,EIMCOELECO,1
BHARATFORG,422,BHARATFORG,1
REGENCERAM,4130,REGENCERAM,1
STERTOOLS,4299,STERTOOLS,1
CONCOR,4749,CONCOR,1
BLUEDART,495,BLUEDART,1
BPCL,526,BPCL,1
BFSI,5220,BFSI,1
PSUBANKADD,17616,PSUBANKADD,1
VIJIFIN,17691,VIJIFIN,1
QUESS,17704,QUESS,1
SBICARD,17971,SBICARD,1
UNITEDTEA,17999,UNITEDTEA,1
DBL,18086,DBL,1
VASCONEQ,18110,VASCONEQ,1
MANINFRA,18226,MANINFRA,1
KAMATHOTEL,1826,KAMATHOTEL,1
DIACABS,18543,DIACABS,1
RRKABEL,18566,RRKABEL,1
MARATHON,18659,MARATHON,1
VBL,18921,VBL,1
PODDARMENT,19036,PODDARMENT,1
ITBEES,19084,ITBEES,1
SENSEXETF,19224,SENSEXETF,1
LAURUSLABS,19234,LAURUSLABS,1
MONIFTY500,19237,MONIFTY500,1
PLAZACABLE,19458,PLAZACABLE,1
BSE,19585,BSE,1
ESAFSFB,19878,ESAFSFB,1
ORISSAMINE,19931,ORISSAMINE,1
CGCL,20329,CGCL,1
GRAVITA,20534,GRAVITA,1
MAHSEAMLES,2088,MAHSEAMLES,1
GTPL,21195,GTPL,1
AXISNIFTY,21252,AXISNIFTY,1
OPTIEMUS,21469,OPTIEMUS,1
STEL,21484,STEL,1
COMSYN,21578,COMSYN,1
CHOLAHLDNG,21740,CHOLAHLDNG,1
ICICIGI,21770,ICICIGI,1
HFCL,21951,HFCL,1
TOTAL,22423,TOTAL,1
HEALTHADD,22592,HEALTHADD,1
GPTHEALTH,22846,GPTHEALTH,1
MTNL,2294,MTNL,1
EXICOM,22947,EXICOM,1
AADHARHFC,23729,AADHARHFC,1
PIIND,24184,PIIND,1
VRAJ,24321,VRAJ,1
SBISILVER,24366,SBISILVER,1
OLAELEC,24777,OLAELEC,1
SURAJLTD,24966,SURAJLTD,1
ECOSMOBLTY,25060,ECOSMOBLTY,1
STYLEBAAZA,25114,STYLEBAAZA,1
EUREKAFORB,25162,EUREKAFORB,1
TOLINS,25262,TOLINS,1
UYFINCORP,25626,UYFINCORP,1
JISLDVREQS,25684,JISLDVREQS,1
DSSL,25690,DSSL,1
BANKPSU,25725,BANKPSU,1
METAL,25744,METAL,1
APLAPOLLO,25780,APLAPOLLO,1
HERANBA,2614,HERANBA,1
IT,2627,IT,1
KPEL,27079,KPEL,1
SPECIALITY,27107,SPECIALITY,1
CINELINE,27161,CINELINE,1
RACLGEAR,27171,RACLGEAR,1
JUBLINGREA,2783,JUBLINGREA,1
RSWM,2794,RSWM,1
RANEHOLDIN,2844,RANEHOLDIN,1
TRANSRAILL,28714,TRANSRAILL,1
PROZONER,28859,PROZONER,1
RIIL,2912,RIIL,1
QUADFUTURE,29087,QUADFUTURE,1
NIBE,29487,NIBE,1
SAKHTISUG,2969,SAKHTISUG,1
ORIENTELEC,2972,ORIENTELEC,1
NIFTY100EW,29944,NIFTY100EW,1
WONDERLA,3002,WONDERLA,1
AXISTECETF,3010,AXISTECETF,1
ESSENTIA,30323,ESSENTIA,1
BARBEQUE,3127,BARBEQUE,1
NDL,31258,NDL,1
SIEMENS,3150,SIEMENS,1
GILT5YBEES,3172,GILT5YBEES,1
ANGELONE,324,ANGELONE,1
DEEPINDS,3292,DEEPINDS,1
SPMLINFRA,3321,SPMLINFRA,1
SUNDRMFAST,3345,SUNDRMFAST,1
AJOONI,3403,AJOONI,1
THOMASCOOK,3481,THOMASCOOK,1
TATASTEEL,3499,TATASTEEL,1
TORNTPHARM,3518,TORNTPHARM,1
BBTC,380,BBTC,1
VOLTAS,3718,VOLTAS,1
WEIZMANIND,3748,WEIZMANIND,1
AEGISLOG,40,AEGISLOG,1
BEL,383,BEL,1
ZUARIIND,3827,ZUARIIND,1
NAVA,4014,NAVA,1
MARICO,4067,MARICO,1
SILINV,4105,SILINV,1
SANGAMIND,4184,SANGAMIND,1
HDFCAMC,4244,HDFCAMC,1
ALKYLAMINE,4487,ALKYLAMINE,1
NEXT50IETF,4529,NEXT50IETF,1
3MINDIA,474,3MINDIA,1
SAREGAMA,4892,SAREGAMA,1
MADRASFERT,4911,MADRASFERT,1
PHARMABEES,4973,PHARMABEES,1
SBIETFCON,5168,SBIETFCON,1
UTIAMC,527,UTIAMC,1
GMDCLTD,5204,GMDCLTD,1
FMCGIETF,5306,FMCGIETF,1
UGROCAP,5313,UGROCAP,1
WINDLAS,5366,WINDLAS,1
EPIGRAL,5382,EPIGRAL,1
3IINFOLTD,6232,3IINFOLTD,1
DTIL,6227,DTIL,1
CCHHL,6385,CCHHL,1
CONSUMIETF,6446,CONSUMIETF,1
LAXMICOT,6568,LAXMICOT,1
EQUAL50ADD,6606,EQUAL50ADD,1
SJS,6643,SJS,1
IVC,6711,IVC,1
STEELCAS,6803,STEELCAS,1
ASIANENE,7030,ASIANENE,1
HESTERBIO,7048,HESTERBIO,1
HPAL,7376,HPAL,1
MOINFRA,757031,MOINFRA,1
SNXT30BEES,757455,SNXT30BEES,1
SAMBHV,757767,SAMBHV,1
IGCL,757801,IGCL,1
GROWWNET,757814,GROWWNET,1
MOMIDMTM,757817,MOMIDMTM,1
KALPATARU,758558,KALPATARU,1
DCM,805,DCM,1
SAGARDEEP,8175,SAGARDEEP,1
DHAMPURSUG,857,DHAMPURSUG,1
MID150BEES,8506,MID150BEES,1
SONAMLTD,8806,SONAMLTD,1
CHOICEIN,8866,CHOICEIN,1
UMIYA-MRO,8998,UMIYA-MRO,1
ORCHPHARMA,926,ORCHPHARMA,1
VENUSPIPES,9592,VENUSPIPES,1
KHANDSE,9641,KHANDSE,1
PARADEEP,9741,PARADEEP,1
ACUTAAS,5578,ACUTAAS,1
INTELLECT,5926,INTELLECT,1
ATGL,6066,ATGL,1
LAMBODHARA,6407,LAMBODHARA,1
EXIDEIND,676,EXIDEIND,1
GREENLAM,6848,GREENLAM,1
CIPLA,694,CIPLA,1
MENONBE,6961,MENONBE,1
MAHKTECH,7074,MAHKTECH,1
MEDPLUS,7254,MEDPLUS,1
COROMANDEL,739,COROMANDEL,1
MANAKALUCO,7420,MANAKALUCO,1
NIFTY50ADD,7451,NIFTY50ADD,1
NRBBEARING,7553,NRBBEARING,1
OSWALPUMPS,756802,OSWALPUMPS,1
PRIMO,756925,PRIMO,1
BELRISE,757102,BELRISE,1
AEGISVOPAK,757336,AEGISVOPAK,1
MOPSE,757431,MOPSE,1
BLUSPRING,757520,BLUSPRING,1
IMAGICAA,7672,IMAGICAA,1
DABUR,772,DABUR,1
NETF,7838,NETF,1
SILVERIETF,7942,SILVERIETF,1
MALLCOM,7965,MALLCOM,1
RPSGVENT,8119,RPSGVENT,1
AJANTPHARM,8124,AJANTPHARM,1
BLBLIMITED,8132,BLBLIMITED,1
SOFTTECH,8266,SOFTTECH,1
MOLOWVOL,8654,MOLOWVOL,1
OBCL,8797,OBCL,1
AVROIND,8827,AVROIND,1
KRITIKA,9288,KRITIKA,1
STLTECH,9309,STLTECH,1
SILVERTUC,9422,SILVERTUC,1
VIKASLIFE,9931,VIKASLIFE,1
JAIPURKURT,5516,JAIPURKURT,1
ITDCEM,5622,ITDCEM,1
CUB,5701,CUB,1
COASTCORP,6006,COASTCORP,1
CENTENKA,619,CENTENKA,1
NATIONALUM,6364,NATIONALUM,1
IGARASHI,634,IGARASHI,1
GENUSPAPER,6600,GENUSPAPER,1
NIPPOBATRY,6782,NIPPOBATRY,1
AARTIIND,7,AARTIIND,1
GOCOLORS,6964,GOCOLORS,1
METROBRAND,7242,METROBRAND,1
NILASPACES,7411,NILASPACES,1
MONQ50,7422,MONQ50,1
WAAREERTL,756038,WAAREERTL,1
ATHERENERG,757645,ATHERENERG,1
MONARCH,7679,MONARCH,1
INOXWIND,7852,INOXWIND,1
LFIC,7902,LFIC,1
SHIVATEX,804,SHIVATEX,1
CROWN,8083,CROWN,1
AWL,8110,AWL,1
DEVIT,8146,DEVIT,1
BANKA,822,BANKA,1
DEEPAKFERT,827,DEEPAKFERT,1
MITCON,8469,MITCON,1
GMRP&UI,8529,GMRP&UI,1
CHALET,8546,CHALET,1
PRIVISCL,8825,PRIVISCL,1
PIXTRANS,9087,PIXTRANS,1
EIDPARRY,916,EIDPARRY,1
NILAINFRA,9253,NILAINFRA,1
ELGIEQUIP,937,ELGIEQUIP,1
RAINBOW,9408,RAINBOW,1
SPLPETRO,9617,SPLPETRO,1
HIKAL,9668,HIKAL,1
AETHER,9810,AETHER,1
NEXTMEDIA,9867,NEXTMEDIA,1
AIRAN,9897,AIRAN,1
EUROTEXIND,999,EUROTEXIND,1
INTLCONV,5606,INTLCONV,1
ASTRAZEN,5610,ASTRAZEN,1
GRAPHITE,592,GRAPHITE,1
MONTECARLO,5938,MONTECARLO,1
SIKKO,6218,SIKKO,1
ABREL,625,ABREL,1
NIFTYETF,6353,NIFTYETF,1
TECHNOE,6445,TECHNOE,1
NYKAA,6545,NYKAA,1
PAYTM,6705,PAYTM,1
BSOFT,6994,BSOFT,1
JMA,7109,JMA,1
ANANDRATHI,7145,ANANDRATHI,1
RATEGAIN,7177,RATEGAIN,1
JTLIND,7287,JTLIND,1
GLENMARK,7406,GLENMARK,1
EVIETF,755881,EVIETF,1
TINNARUBR,756020,TINNARUBR,1
SILVER360,756150,SILVER360,1
GROWWSLVR,756827,GROWWSLVR,1
CRISIL,757,CRISIL,1
MON50EQUAL,756900,MON50EQUAL,1
MOMGF,757099,MOMGF,1
DIGITIDE,757515,DIGITIDE,1
TOP15IETF,757781,TOP15IETF,1
RAYMONDREL,758551,RAYMONDREL,1
GLOBECIVIL,758572,GLOBECIVIL,1
CMSINFO,7603,CMSINFO,1
MAKEINDIA,7979,MAKEINDIA,1
BSHSL,809,BSHSL,1
DCMSHRIRAM,811,DCMSHRIRAM,1
PRITI,8304,PRITI,1
MIDCAPETF,8413,MIDCAPETF,1
XELPMOC,8477,XELPMOC,1
NLCINDIA,8585,NLCINDIA,1
MSUMI,8596,MSUMI,1
VERANDA,8890,VERANDA,1
E2E,8937,E2E,1
TIPSMUSIC,9117,TIPSMUSIC,1
UTISXN50,9168,UTISXN50,1
TPLPLASTEH,9219,TPLPLASTEH,1
STARTECK,9305,STARTECK,1
CAMPUS,9362,CAMPUS,1
SKIPPER,9428,SKIPPER,1
PRUDENT,9553,PRUDENT,1
MAHESHWARI,9576,MAHESHWARI,1
KPITTECH,9683,KPITTECH,1
TRIDENT,9685,TRIDENT,1
GOLDTECH,9874,GOLDTECH,1
KOTHARIPRO,5528,KOTHARIPRO,1
CANFINHOME,583,CANFINHOME,1
SANSERA,5751,SANSERA,1
PASUPTAC,6045,PASUPTAC,1
GOODLUCK,6125,GOODLUCK,1
SAPPHIRE,6718,SAPPHIRE,1
JINDALSTEL,6733,JINDALSTEL,1
SMLT,6843,SMLT,1
BAJAJHCARE,6863,BAJAJHCARE,1
HEMIPROP,701,HEMIPROP,1
SHIVALIK,7016,SHIVALIK,1
ACCELYA,7053,ACCELYA,1
SHALBY,714,SHALBY,1
SBIETFPB,722,SBIETFPB,1
SBIETFQLTY,7218,SBIETFQLTY,1
DCMSRIND,7325,DCMSRIND,1
SETFNIFBK,7361,SETFNIFBK,1
ZENTEC,7508,ZENTEC,1
GROWWMOM50,756086,GROWWMOM50,1
MOTOUR,757443,MOTOUR,1
FISCHER,757658,FISCHER,1
HDBFS,757772,HDBFS,1
CRIZAC,757850,CRIZAC,1
BELLACASA,757938,BELLACASA,1
MHLXMIRU,7886,MHLXMIRU,1
GRWRHITECH,7982,GRWRHITECH,1
MAHLIFE,8050,MAHLIFE,1
DALBHARAT,8075,DALBHARAT,1
SILVERBEES,8080,SILVERBEES,1
MEGASTAR,8153,MEGASTAR,1
GATEWAY,8510,GATEWAY,1
INDOBORAX,8614,INDOBORAX,1
VETO,8652,VETO,1
BCG,8833,BCG,1
UFO,9039,UFO,1
ROTO,9049,ROTO,1
EICHERMOT,910,EICHERMOT,1
INDOAMIN,9116,INDOAMIN,1
NV20BEES,9847,NV20BEES,1
